.gitignore,413,7adac23e966481e370f18e8da06cf9a5dbe19f2acefa2d7c2d732bd28570c192
COVER_LETTER.md,2334,bdb33c90cdb39fa1ae26af58a43614a8643c6673b860cea879d10bfca0e440fb
FIGURE_ALT_TEXT.md,3418,58b829ff7ece983da701d00dbe7ca9045df65efde127325368525358ef61502b
LICENSE,1065,ce06fd4a357663d6df1895833a74593b53c1d9bed00561ae51eed1edbc1096c6
MOSAIC_DATASET_PROVENANCE.md,3833,896c6f808b2044199f8bcb1584f0883d75c82d8b133129bf964047ad3393f3ed
README.md,6636,167c257196d562c80e927a9cbc40800e6ce0e9b153f77f50b743f2f39e6d774d
SUBMISSION_MANIFEST.md,3035,c5561a56b6ef87a0ef4bc3b10e4ee420d773afaa8219d52e3897d933fc60839d
code/TOSICA_model_MoE.py,37879,86ed447f576434699626c01ef3f07dcd373e4edac2d6d9c066694a8cb5b9ab74
code/experiments/exp_baseline_matrix/analyze_v43_mosaic_vs_xgboost.py,6405,d6df4b55a0387b5749301fdeb2eceae7a8486c82e32d97683e5a074dd3efc757
code/experiments/exp_baseline_matrix/audit_v33_submission_readiness.py,25365,aed1ab236539e78f4b0184099d1bd2daea7c2e11c4ccbb15b489b6e7d221c69d
code/experiments/exp_baseline_matrix/audit_v8_manuscript_consistency.py,6289,85779e48f36912e370d1a35dbf3201f3b816bbc8dfdbf0b9949f87e4d4eda5c9
code/experiments/exp_baseline_matrix/build_v33_manuscript_tables.py,51950,7562339a2330f70d429f6585549186631a33df9ee5507b010a35cfc34052f321
code/experiments/exp_baseline_matrix/build_v37_strong_ml_baseline_table.py,5483,dae98b1ea6f38b4e51683792378ed0ec71eddaac3998e0206923c4eeafcfd412
code/experiments/exp_baseline_matrix/plot_v33_evidence_figure.py,25532,7f3c6e712714a33b2b258cdf24120e0bf2b252568b3d69299f53313430ecd5f1
code/experiments/exp_baseline_matrix/plot_v43_case_study_figure.py,2514,cbfa790bc68004f3dc9dcac6e902aa95e59860c30bfaeb756aacf0ef504a9673
code/experiments/exp_baseline_matrix/run_pbmc_donor_celltypist_baseline.py,12025,9610a2faaa210ec952aac2d04fe0b8c9539da8d3af3ed384b24943fd303b560d
code/experiments/exp_baseline_matrix/test_analyze_v43_mosaic_vs_xgboost.py,902,644b35f03e5a44aaf1ccad602c98f711ecbb3be3cfe3c0c1f21f77c3805d9f1f
code/experiments/exp_baseline_matrix/test_audit_v33_submission_readiness.py,12619,96f54c7f51f9c33b201669cc74f536ca101f8c4ed8d223076034cd4a8bb9be2b
code/experiments/exp_baseline_matrix/test_build_v33_manuscript_tables.py,20630,0536c05ba023710fd69352965de291ca5636638affe2186bff922059df13e6b8
code/experiments/exp_baseline_matrix/test_build_v37_strong_ml_baseline_table.py,2712,c099054aa92b577b95c829268c97e078541d69ced5b53a468d92fe4597609aca
code/experiments/exp_baseline_matrix/test_run_pbmc_donor_celltypist_baseline.py,1983,c2748d53e8aced35906bf088f619474f4aefc63b8a82376c97d37ba070c748ff
code/experiments/exp_explainability/mosaic_n_v33/analyze_v33_donor_attribution.py,20392,b28cdb078d3c717b36686aac297fb3d4d5db6a450e78fd2b4c06b0ca111279a3
code/experiments/exp_explainability/mosaic_n_v33/test_analyze_v33_donor_attribution.py,2885,ca6aaff5874525358ce0b65fb6c62d0318c99d3bd0746deb79f3e5aad2373cfb
code/experiments/exp_explainability/mosaic_n_v50/build_v8_audit_case_figure.py,10597,2430c29ca17cac149106a07c5fee26f16cf89dea228eb29db9f864270ff5f96e
code/experiments/exp_explainability/mosaic_n_v50/build_v8_audit_case_study_records.py,2852,f12e13f8a94ac9ff9b86cedcaa9e13356a3aff84d7f5ebaf7dcbec9e096c76d2
code/experiments/exp_explainability/mosaic_n_v50/build_v8_marker_mechanism_audit.py,22992,a4640ed7d2bdbf6772b23d429b92da0096282d2afae339412ef433fb30e665c4
code/experiments/exp_generalization/mosaic2_pdc101/run_pdc101_paired_audit.py,15844,587283f76c94fcf4c3d889850ef0dbbbf88abf84a45ebebcbb2615260e49b04e
code/experiments/exp_generalization/mosaic2_pdc101/run_secondary_cohort_audit_transfer.py,13205,683647f4a87f8883ed2562516f65173c2e6b57fde60e9ab2265979ffeb964743
code/experiments/exp_generalization/mosaic2_pdc101/test_pdc101_paired_audit.py,3833,a275cb7b1902992e1f00133f06da88af28dc4687456cac377cb50c26de5ced96
code/experiments/exp_generalization/mosaic2_pdc101/test_secondary_cohort_audit_transfer.py,2519,8081ce0aad92ccd06f1b2a6f3ba7feaa3e2bd237f51de2c6feb44c58ec4de3d6
code/experiments/exp_generalization/mosaic_n_v33/audit_v33_preflight.py,5384,d8b527ba28e7bdd6d732e02ddb26fdd1b2df39ef495820f5c3404914617b121d
code/experiments/exp_generalization/mosaic_n_v33/build_pbmc_nested_donor_cache.py,14215,ba9c360f4a5d1ca4f8e6ee2270970011e9f5262e71bf32d57a9be70e9a6cdd25
code/experiments/exp_generalization/mosaic_n_v33/build_v33_donor_summary.py,15510,202d85703ffc8e42a5a27bd064baf990ff35a351ab4f1af3e617151f2cf0d42e
code/experiments/exp_generalization/mosaic_n_v33/build_v33_pdc101_comparison.py,8611,9e34e9231e497439c1f207233217013252e3bdbf94260794276156db2d20cd9c
code/experiments/exp_generalization/mosaic_n_v33/evaluate_v33_checkpoint_ablations.py,10378,8a411bdc264e5bbfd86f33d3aed91f29fb1c5adf1c9601527abb49ef834f4974
code/experiments/exp_generalization/mosaic_n_v33/run_v33_donor_matrix.py,14853,4edc5039bbe139e2ebbb8834f696fbadaa8976d23b07e670ea19f5387a12e0a0
code/experiments/exp_generalization/mosaic_n_v33/run_v33_pdc101_mosaic_n.py,12996,3a7625e003187a18022798a4b1040a45c1ddd22aeb92da93af8aa9da5b847b63
code/experiments/exp_generalization/mosaic_n_v33/test_audit_v33_preflight.py,1961,370175f0fa8b889d347a1c98c447aa8bfd8493200bf6c917ecbdcc1f392a5e59
code/experiments/exp_generalization/mosaic_n_v33/test_build_pbmc_nested_donor_cache.py,2871,68e32a6149129867b6cb40b0c27626757b02f14d6db37857730cf1cb79819cbc
code/experiments/exp_generalization/mosaic_n_v33/test_build_v33_donor_summary.py,2956,748c4a3cef1981ad2e0fba91a336d8debcbf558928a71a937907f9128046767f
code/experiments/exp_generalization/mosaic_n_v33/test_evaluate_v33_checkpoint_ablations.py,1849,9518f490903c299c808832ae615cc5a799406eb12e6e7f2acf31d500e8610fd9
code/experiments/exp_generalization/mosaic_n_v33/test_run_v33_donor_matrix.py,2685,31a7f60ec45f157d406b8861939bbd95cc36fbc73b35519405716bc9e3c78425
code/experiments/exp_generalization/mosaic_n_v33/test_v33_pdc101_comparison.py,3821,8394eef3e9c7996c22fc84f24fba498d31fb6a5323de261826879c9747982374
code/experiments/exp_generalization/original_mosaic_strict/build_pseudo_unknown_cache.py,12572,c61f8461fd35a75c7a991d46937c44abbee341f20b1958ef0fa7ed2a3ae390e0
code/experiments/exp_generalization/original_mosaic_strict/run_l3_strict_mosaic.py,15921,96982c11dd9ff84c0536b4765e528f9e1c0c0a57686fcf17bf7638c464a83edb
code/experiments/exp_generalization/original_mosaic_strict/run_mlp_strict_baseline.py,19667,08c1829f6e5acacc9cb873a46d367c93fdf910baf8fef3fd5ac83e774a52ef0f
code/experiments/exp_generalization/original_mosaic_strict/run_mosaic_rd_v2.py,29640,48040cda0b0535b2d0c6eefcf3d636f5ed885cca7f9677321e413177b42d8826
code/experiments/exp_generalization/original_mosaic_strict/strict_array_cache.py,3686,0a779100fbf091522db97c0e656217b45c6d1a1b95e1b0d6cef3f6f86f263df2
code/experiments/exp_missing_modality/mosaic_n_v33/evaluate_v33_panel_robustness.py,13584,9ecadc1754ac3ae1bd0f6b23b905a425244f29f1f3e4eb2a3dc6fb5fd8566a56
code/experiments/exp_missing_modality/mosaic_n_v33/test_evaluate_v33_panel_robustness.py,1245,2ebc84d14711d405518f15a6f78d4453883479cb6fa2973dd3e9428f4bde0ca3
code/experiments/exp_missing_modality/mosaic_n_v82/run_size_matched_random_adt_null.py,18445,58c831c174d2fe6de42d6867e491e420fadb639d9a86a3f5780d6ae53ac9d87e
code/experiments/exp_missing_modality/mosaic_n_v82/test_size_matched_random_adt_null.py,2832,e49b8d56753a886a05e649ab9a5db9613f810bf53fa674181eaedd2608eae00c
code/experiments/exp_unknown_celltype/mosaic_n_v33/build_v33_unknown_protocol.py,5499,9914c27d8d67102e18ffedc2c1ed434567ac644958aa704eb01dfeee162d9aa2
code/experiments/exp_unknown_celltype/mosaic_n_v33/evaluate_v33_unknown_reject.py,15942,97e84de5c3033648d8c6ece1d28264a99f63b761b301069c46d530beb8f1f1d1
code/experiments/exp_unknown_celltype/mosaic_n_v33/run_v33_unknown_matrix.py,5861,17abc8fa681e2971dda78da43323142abd58f32a02dcdd134b636a1ae7ed07a9
code/experiments/exp_unknown_celltype/mosaic_n_v33/test_run_v33_unknown_matrix.py,421,26596b017aa2a39281ea43f99054f1790829c4d34d14cfb8d59a9db1128f62a4
code/experiments/exp_unknown_celltype/mosaic_n_v33/test_v33_unknown_reject.py,3628,53dfc40585597adaa3b25341495b5d9121e1dd7c51bff2e825f2f11d60a8e8f9
code/experiments/reproducibility/build_v33_release_candidate.py,16439,bdcffbf592943310e164edc4f0582a0b2bc8a9b61c89b3be9fa78a90bf68cd6c
code/experiments/reproducibility/test_build_v33_release_candidate.py,8060,d9232051b6f503d48ef817b69e151041b67f6df16de9328481cbf19fbf9d8eae
code/experiments/reproducibility/test_v33_release_smoke_test.py,2574,e6c621711935a908649bdf64cae40f164d46b741bbde876996d05246844095a2
code/experiments/reproducibility/v33_release_smoke_test.py,3855,c3a7529770576bd797ed3e65ff917263a2f54f6e53ad1008401abfcb0a913f1c
commands.txt,1970,b37b04fb70734d40a8cf0866a36aa476a8820a79bae95fb61f70a9065660c644
config/configs/datasets/10x_pbmc10k_protein_v3.yaml,1261,3af85051a75d59e9a93ea14a85cf3e0bc133c55033e1ef8462db280395bd6c9b
config/configs/datasets/covid_e_mtab_10026.yaml,1422,f9e431793110bf04cf89ffd65e6a1fc0dbcbdb1a46bb3d8820f4ce88e3ed5e14
config/configs/datasets/gse164378_5p.yaml,1066,5155713b2db66e2ab7562d0e9e4cbc916aa668e05b30ded62980826ae986070b
config/configs/datasets/gse164378_parent_safe_mapping.yaml,2435,35ca4d6bd3158709687a65671c8edc79c010fd82a3f2616801c9edb817de2166
config/configs/datasets/immunodeficiency_covid_candidate.yaml,968,0d04ca02041ac20085f526e86e1021135c7f86418a566f6c2fd6c6db105a116d
config/configs/datasets/pbmc.yaml,1010,0e7615b90094825966d9dc1a1d349c9f4e1019b6bc9c53880f27cbbef030c6f8
config/configs/datasets/pbmc_cite_seq/strict_l3_to_l2_l1_map_seed42.csv,2780,65bf0ec544a50cc428a3de87793a485ad2178d5084ae60741766a78162c0a10a
config/configs/datasets/triana_abseq_bmc.yaml,865,c819a2ec94b3a200b2d1c03a0fc2ae16dc44228ad87a8973a9e03de92ae5ddcc
demo/README.md,1576,a2bea7d43e5f18d93896daa7347cdf42e1f39364300573fc65bbfe5b86ea60c0
demo/audit_record_generated.csv,2720,d875dbf930898612756cf06fa96c0fd283e52dac326e67ee78f8d7d1bb34ed49
demo/input_manifest.csv,521,82769a050eceeece96b110a7660dcab68fce582fe2e8e4e207495b03b526ff74
demo/inputs.npz,54355,7b71f9548f0373c8cfc87155e5ca4f44dad55f833c26a4a2881586d43e7bd460
demo/main_audit_record_schema.tex,2560,75a281855391aa9e487e93f09a5b93e1b703ecf88e1aff01b83954897cc2dd3e
demo/mosaic_n_v50_audit_record_example_2026-08-03.csv,2411,408256233fef2adcfba2c4114554875f6c67ff296fe14cea9ed1d21d619e1b16
demo/mosaic_n_v50_audit_record_example_2026-08-03.json,300,788ea468eb43066105f23ec68628f46e9bf047e3cfe73c9ace7ba75bf57dbe39
demo/output/audit_record_validated.csv,2664,18421f1355cbad402abe51bd480f653bc7812b3e5b2f9f195e4a1aa9e04e177f
demo/output/demo_summary.json,511,8c8de2f3588e60e7df584c6e0223dc17f72b18211cf80f3ebb1f685f2ef4cc56
demo/run_demo.py,5730,dccd3d690bbdc1e8b3313f9ddf7efdea45e3875809a7f893c5364432478892c2
environment_metadata.json,5813,3e2b1607b9856604ee207279519267e7e5e0c6c7e5c76d0a7427e9d6371a36d7
evidence/docs/2026-08-16-v8.2-manuscript-submission-closure.md,5482,8a3068ae82eca47025b3becd7efa222aeebcd63e5c4bcec9f5a7b9a70e61df0a
evidence/docs/2026-08-16-v8.2-missing-modality-and-pdc-audit-closure.md,12235,c0cbf0227d33610dc75800494522560b19ac92dede9688cd6c333e63284ccdf3
evidence/docs/2026-08-16_Fig1代码一致性人工核对报告.md,1259,e47845c56893e239df7c5f6b8adaf4175cd603574c1831d2d0851466053ee925
evidence/docs/2026-08-16_v8.2实验补充报告.md,6830,f06b5a8d69f249c996d149a8999ab80eff8a5c3625c7a5c4b40b6224777caa86
evidence/results/experiments/v8.2_missing_modality_pdc_audit/experiment_manifest.json,3417,f99b1435dc442f7f61f3220f87514ef550458a7fb104cf428e018948135a9263
evidence/results/experiments/v8.2_missing_modality_pdc_audit/pbmc_random_adt_null/README.md,820,350ca556747eaca6be9d6269f811382d1c01f633c618a0bd61303a45f82b05ff
evidence/results/experiments/v8.2_missing_modality_pdc_audit/pbmc_random_adt_null/config.yaml,764,6d7f005dc6f693f5dc54645ba92ee4f24bdc7770892b1495dc2cd8b26bacf202
evidence/results/experiments/v8.2_missing_modality_pdc_audit/pbmc_random_adt_null/mask_manifest.csv,1039787,4a151dc5d21375f07b07d73a01fa3a77574c2d5ae8b5d21a39802d0f52482c49
evidence/results/experiments/v8.2_missing_modality_pdc_audit/pbmc_random_adt_null/mask_summary.csv,110059,a3d0b136cb54e7bec67791a6be00bc67fc1412785e79f14e1ca35b5ce2d9b04d
evidence/results/experiments/v8.2_missing_modality_pdc_audit/pbmc_random_adt_null/missing_checkpoints.json,2,4f53cda18c2baa0c0354bb5f9a3ecbe5ed12ab4d8e11ba873c2f11161202b945
evidence/results/experiments/v8.2_missing_modality_pdc_audit/pbmc_random_adt_null/missingness_slopes.csv,5355,b0f7b72e6f40077a828daf282f53eb9e5bc2f9c3dc1eab13d6022cb86704cdc4
evidence/results/experiments/v8.2_missing_modality_pdc_audit/pbmc_random_adt_null/per_class_metrics.csv,896282,5b04e4ac2a6eea1bd2e4a03fe0cb236645f3a1a77977bb3c53eb3a6226948579
evidence/results/experiments/v8.2_missing_modality_pdc_audit/pbmc_random_adt_null/preflight.json,405,6356decbae58a64c28cc287d26cfdd4167d50905b33fedd9fd748bbd3ce0b490
evidence/results/experiments/v8.2_missing_modality_pdc_audit/pbmc_random_adt_null/results_summary.csv,103669,382aa2a933a3e5dec0a707ea562a270375e36ad916e65fff64ddee1b4982d2e2
evidence/results/experiments/v8.2_missing_modality_pdc_audit/pbmc_random_adt_null/run.log,1331,75bd66810514f687f60990c521221336e3b1b03cbd83449d8ed996a558867ba8
evidence/results/experiments/v8.2_missing_modality_pdc_audit/pbmc_random_adt_null/split_seed_metadata.json,1581,5c7fd7e69e91e0b43e970cae75a5890e55fca1b72529fc31a5d1cf1cbc667f18
evidence/results/experiments/v8.2_missing_modality_pdc_audit/pdc101_paired_audit/README.md,789,13956ec5d593a565b3d5cc0f3b5937ed483dd438a25f1d3255676fbe1ca19e8d
evidence/results/experiments/v8.2_missing_modality_pdc_audit/pdc101_paired_audit/confidence_distribution.csv,309,0bd4c34e545c1e1904df19cda0f1eaf0b19e74e5cb2e08c30b815d538debf6a3
evidence/results/experiments/v8.2_missing_modality_pdc_audit/pdc101_paired_audit/config.yaml,593,ef01a1b26640d665dd73f61985225239e767c4d01c86252d43e5a9b18040bf54
evidence/results/experiments/v8.2_missing_modality_pdc_audit/pdc101_paired_audit/gate_distribution.csv,237,5dff1046cb6309e05dcf313997a914086845c1b050915ce475f9067c6992186a
evidence/results/experiments/v8.2_missing_modality_pdc_audit/pdc101_paired_audit/per_cell_paired_outcomes.csv,210244,35137fb50772a556f96d1a668f6ee159762e831f268aa508b98454806efb389d
evidence/results/experiments/v8.2_missing_modality_pdc_audit/pdc101_paired_audit/preflight.json,1367,161a0cd59352b33032a78b38733b60fc12735987d9ef57b518af64b7c1ba589f
evidence/results/experiments/v8.2_missing_modality_pdc_audit/pdc101_paired_audit/results_summary.csv,986,2b9d8072b67cb6759a33ab07cedcf79aae69a8cee3c10f3e1a80f2f6a583478f
evidence/results/experiments/v8.2_missing_modality_pdc_audit/pdc101_paired_audit/run.log,180,0691c5965b91b11e43a6e37f7c382275232019e6b6123c5ef52b029c86d4fabf
evidence/results/experiments/v8.2_missing_modality_pdc_audit/pdc101_paired_audit/source_checksums.json,200,caa6886844ec1d41f6d7f13fb87b5b6bd054847d19e4886c482d3631aa1b3dca
evidence/results/experiments/v8.2_missing_modality_pdc_audit/pdc101_paired_audit/split_seed_metadata.json,1478,2de2a38807e2d318b7911d074ae730ff000b4c261e52b95fe40cc598e9d4c66b
evidence/results/experiments/v8.2_missing_modality_pdc_audit/pdc101_paired_audit/statistical_tests.json,833,d0ecf40c203740c5df301c2633576939490c8f9737e63c6e1a9937f31fdcb7ae
evidence/results/experiments/v8.2_missing_modality_pdc_audit/secondary_cohort/README.md,649,17c4994fdbb4b6ed9e806d6ce4b24c138f3c24f027f2d571809033d733cf3707
evidence/results/experiments/v8.2_missing_modality_pdc_audit/secondary_cohort/audit_records.csv,5048524,168963703c053e603dc61decf632e9cfd62a235736d7c8c775d4c7f9bec17055
evidence/results/experiments/v8.2_missing_modality_pdc_audit/secondary_cohort/cohort_identity_audit.csv,377,f51c410b9df8ead7ef99f1e772dff3f8cdf1b834c578b180eb2a22bca1e6d30d
evidence/results/experiments/v8.2_missing_modality_pdc_audit/secondary_cohort/config.yaml,734,6e09855ba7637d1b8126a4230dfbda42688204af2de63fe7faa0376df19bd26d
evidence/results/experiments/v8.2_missing_modality_pdc_audit/secondary_cohort/per_class_summary.csv,2910,b72419fd537e0c8702c880f2b1b66cdb26f6663741a8e8151d4fc6840f18dbd2
evidence/results/experiments/v8.2_missing_modality_pdc_audit/secondary_cohort/per_donor_summary.csv,1100,25d9af7ad5a8d6e9a46a010bda0e76600379c74e514b495f387074febb59bfce
evidence/results/experiments/v8.2_missing_modality_pdc_audit/secondary_cohort/preflight.json,1602,b481a227a69c6b3a1fa01f32f4135d81825897e55c6076c9e939b6dcc0e59952
evidence/results/experiments/v8.2_missing_modality_pdc_audit/secondary_cohort/results_summary.csv,392,e5fe6cd3c53eccdec1c481895674871320f63a2df17e6bd33b09ad9631c4a562
evidence/results/experiments/v8.2_missing_modality_pdc_audit/secondary_cohort/run.log,166,3157a1a9b62858590085812badc2fc81f0438073ba747526c49fc2ed3649de73
evidence/results/experiments/v8.2_missing_modality_pdc_audit/secondary_cohort/source_checksums.json,277,bf06837146e1884a57038202d8de2d268efba8ca6562a1cd2415a0efb9b7b475
evidence/results/experiments/v8.2_missing_modality_pdc_audit/secondary_cohort/split_seed_metadata.json,1174,3e4ac765543da97986eaa5c4a9b17c71d6c66f86825c400285ec6764122f1c57
evidence/results/tables/mmochi_pbmc_strict_adaptation_audit_2026-05-18.csv,4402,768ad54b166af224f88fd6f06a689c8f361de5da1ca20054dcfa0eeab1663793
evidence/results/tables/mosaic_n_v30_learned_hsr_method_summary_2026-07-23.csv,809,636cbcee8b958b5f4de9c8b012fcdf024905d23356a41d8c67e29c885279b82d
evidence/results/tables/mosaic_n_v30_learned_hsr_paired_statistics_2026-07-23.csv,811,5a1859b8a1eadeadccfcb147368d9757aa92a8df015a379a49e9ee7b41f5d405
evidence/results/tables/mosaic_n_v30_learned_hsr_same_checkpoint_effects_2026-07-23.csv,2820,c33820f812a13cb493de14a5388f66bc8522233599a8685f69ef2b3c4c783fb1
evidence/results/tables/mosaic_n_v30_learned_hsr_same_checkpoint_per_class_2026-07-23.csv,32780,ec5f2df8b3c45f3b4b0ad8e8f4365948e4e75b51b3423de263081f5d7db9441b
evidence/results/tables/mosaic_n_v30_learned_hsr_same_checkpoint_summary_2026-07-23.csv,714,199b531c799c7f997b1f210c73d8ed43414e4e8e3590620941da34f50f3d6779
evidence/results/tables/mosaic_n_v30_learned_hsr_seed_metrics_2026-07-23.csv,2867,0ac1468b21efae0942bdbeec1e41d67f5df245c3722fcc27665f5a1ceef5b175
evidence/results/tables/mosaic_n_v33_checkpoint_ablation_metrics_2026-07-23.csv,15755,121bc7719f131f65b67fbee473019696300bfda32195e043c356d5de1305a694
evidence/results/tables/mosaic_n_v33_donor_attribution_stability_2026-07-23.csv,63726,21d6bbcaa8409b5e9c3867c657a1fa1e6287309c5bd5ce0484c98b11dd8cf757
evidence/results/tables/mosaic_n_v33_donor_method_summary_2026-07-23.csv,6870,7d70ee4715385abab0483c8fef08706d12d91416a518afbda524b138417669e8
evidence/results/tables/mosaic_n_v33_donor_per_class_summary_2026-07-23.csv,35280,a03f47fb2271e73258079f8dcaf11487d31af1a03314a3bc462fb0182a9a467f
evidence/results/tables/mosaic_n_v33_evidence_figure_sources_2026-07-23.csv,37571,df6546d761a675b7d36943f683bc5a6e5b006495f8b240009fe12219387296ff
evidence/results/tables/mosaic_n_v33_evidence_figure_sources_2026-07-23.json,907,e3233ab1dc71ef7a1881ff2dbd8ae6f8dacfe40c9eef723c5bbf9426750df1cf
evidence/results/tables/mosaic_n_v33_main_donor_performance_2026-07-23.tex,656,28b63381c5ec7f220e587294895e3bbd10627da2a906e3766e2169989b5ef1bb
evidence/results/tables/mosaic_n_v33_manuscript_attribution_stability_2026-07-23.csv,4561,7575ce9dcdc0eb61f47ef8da88ccf6e127b1164eb329375843642586a540ed18
evidence/results/tables/mosaic_n_v33_manuscript_donor_performance_2026-07-23.csv,18441,ea7348cec79b2fc17c6d9f1c659753116864588ba38d3bd4ee76c21689b23dbc
evidence/results/tables/mosaic_n_v33_manuscript_evidence_manifest_2026-07-23.csv,2261,fcfba6bd5131f6ec21d2df8295b01c262b2ca8be55840dc381d3ad0eea768e69
evidence/results/tables/mosaic_n_v33_manuscript_evidence_manifest_2026-07-23.json,5226,eb21fb21751ba127a55f196f9a5d1308b221b5bbd5c500f658f700ecdcbfc9fb
evidence/results/tables/mosaic_n_v33_manuscript_marker_enrichment_2026-07-23.csv,5586,d55bcaca975630c1eaea01ec6a307cabfad667e51cf2dd9cb41eb67294e2158f
evidence/results/tables/mosaic_n_v33_manuscript_paired_statistics_2026-07-23.csv,14918,f5cdba26e28f259b236a9950ef192a09d7fcda334977264b9fb928e280f22f81
evidence/results/tables/mosaic_n_v33_manuscript_panel_robustness_2026-07-23.csv,15778,c96f68b4fa6292c1f5bcf8e693e0915d6dca42b96276b084451ef35d2043514b
evidence/results/tables/mosaic_n_v33_manuscript_panel_slopes_2026-07-23.csv,1914,15c540e1ff702318242d86094aedf029ba9b923276dc576d00916873a11233b9
evidence/results/tables/mosaic_n_v33_manuscript_pdc101_comparison_2026-07-23.csv,2400,8c824af759f274480f7f4090115178ccf5e912d2e21e1763df2ce54bdfce139a
evidence/results/tables/mosaic_n_v33_manuscript_pdc101_per_class_2026-07-23.csv,6201,9d1a2ab08ba0ea4a4b3a8138dc9c7da663c09792d6f68a7d826cfd29fe0eea7d
evidence/results/tables/mosaic_n_v33_manuscript_tables_2026-07-23.tex,8437,3a3ec64876a8d648fd3647356a2e83e1f4800fe222ad6434e728605732cdf6f2
evidence/results/tables/mosaic_n_v33_manuscript_unknown_reject_2026-07-23.csv,11161,8124eb7095cf2e299bfc3155735d7661fd57ba8ac4739f82b5cabfde04e5560e
evidence/results/tables/mosaic_n_v33_manuscript_unknown_target_summary_2026-07-23.csv,2093,e1be8755c5d2c712f0af1a886fa7a1f6a3cdfd9a38270e4c9d930b7117697b57
evidence/results/tables/mosaic_n_v33_marker_enrichment_2026-07-23.csv,2443,c083a79db5999a918d4307e0ffb0cc7e2bf8973fea5f155958084213052a7712
evidence/results/tables/mosaic_n_v33_nested_lodo_cache_summary_2026-07-23.csv,3096,88dbb7965462608abdf5e472d454fff79231da4600ceb8bd28a3f08e04af4c07
evidence/results/tables/mosaic_n_v33_paired_donor_statistics_2026-07-23.csv,5882,2e34b47c3f80b60621e27a5ee0c8540e286120e9a3ebab6957fede94b752d749
evidence/results/tables/mosaic_n_v33_panel_robustness_metrics_2026-07-23.csv,61283,a652593ad8fa06f611967fe6e1a975faa0bbaffdcdeb427412c64a5d4728bb6e
evidence/results/tables/mosaic_n_v33_panel_robustness_slopes_2026-07-23.csv,4270,47babf55d1a5c4739ed14b4cfa3f916a94c2d86c3f7b6f462ca33a269463ca89
evidence/results/tables/mosaic_n_v33_pdc101_mmochi_comparison_2026-07-23.csv,1200,e962caa9713b6a624f85ad412636e9a2ffaa43d70301f01a599110332733d2cc
evidence/results/tables/mosaic_n_v33_pdc101_mmochi_per_class_2026-07-23.csv,3089,e8bb25e212f9d0f010b768f9ca3144d2f5689506b724d45c5c843234830c4a6f
evidence/results/tables/mosaic_n_v33_preflight_2026-07-23.csv,1035,8d9290ec9752c11674d17faffeff96767ca89842dddbf946c0eeece8bccfe9aa
evidence/results/tables/mosaic_n_v33_preflight_2026-07-23.json,2165,67e02512ec1cd7083942fa49fce682e94f58145e58e19ee5d682776b69939385
evidence/results/tables/mosaic_n_v33_submission_readiness_audit_2026-07-23.csv,2101,ec6101b0c0465d89609bfafa396a8679e9e462d86ce81ffc31f38d9a069ae1fe
evidence/results/tables/mosaic_n_v33_submission_readiness_audit_2026-07-23.json,370,983ee80f1f702a505182379450b699f5b0573da8b3f8b68f1fbb7c3aaeeacfa7
evidence/results/tables/mosaic_n_v33_submission_readiness_audit_2026-07-23.md,2420,6e6408ff712213d4dc93ceb125a78b42cde2c01565e342b4aea050d72881e65d
evidence/results/tables/mosaic_n_v33_supplement_attribution_2026-07-23.tex,833,32319c96d2ea83767fd81d23c57b6b395a5dd63d8e974c2d864ddbd432009272
evidence/results/tables/mosaic_n_v33_supplement_donor_performance_2026-07-23.tex,2862,91d282310c1836631ec61e8e03a5b14b148003fa77ff0bd2aae8543ca6e810da
evidence/results/tables/mosaic_n_v33_supplement_panel_robustness_2026-07-23.tex,1668,8a5c6596a8eb6be66465a1880217ef765cade7869903cf086d5385fefd9b53cb
evidence/results/tables/mosaic_n_v33_supplement_pdc101_2026-07-23.tex,574,812975ff685b9f251d3bcf3262f66bc542811244e18a260c9129b125e9163d45
evidence/results/tables/mosaic_n_v33_supplement_pdc101_per_class_2026-07-23.tex,390,8c0c4f33028787e8f1ed87391260ea25f4f15d7071ead7e064a5fcd89494002d
evidence/results/tables/mosaic_n_v33_supplement_unknown_reject_2026-07-23.tex,624,94aad356a4dba43655c9e4f8f81decdaa71316ffbe2fab20af2a0f9feddf6a1c
evidence/results/tables/mosaic_n_v33_supplement_unknown_targets_2026-07-23.tex,498,f9caa677e6d0d1fdcf7b7d7c2c80af0d9bde50fdb7077538418ce72a4d1346e0
evidence/results/tables/mosaic_n_v33_test_P1_val_P2_g3000_label_support.csv,1921,d273fb9402334fc53f6ed407d2993d15592d1af41ab73221bc06963c481a8639
evidence/results/tables/mosaic_n_v33_test_P2_val_P3_g3000_label_support.csv,1913,c8f2964606fc1db9147a7408e0be7e943f0d00c8f9f30eeb0efcf0d03b1dccaf
evidence/results/tables/mosaic_n_v33_test_P3_val_P4_g3000_label_support.csv,1914,6fd7e2f6b8fffa93d87861d644b15abb3fbdbab48f49f4b4a7ab5c3078f38b3d
evidence/results/tables/mosaic_n_v33_test_P4_val_P5_g3000_label_support.csv,1924,ffc376b9cf7ccb100538c77d687294bc3fd225f141714de2f911f569c180f38e
evidence/results/tables/mosaic_n_v33_test_P5_val_P6_g3000_label_support.csv,1924,392ed1f8ade3a1dafa30c8b3d73b73c741eba2fcecdaf9f9bc3501057ecc05ef
evidence/results/tables/mosaic_n_v33_test_P6_val_P7_g3000_label_support.csv,1933,7af73537d24434762717490feedd30d329164bb153e8f3edbeadb030f917a6cf
evidence/results/tables/mosaic_n_v33_test_P7_val_P8_g3000_label_support.csv,1943,886598a3b4c0a0c3019b7f2630be270634f2c302297bdd344f84cb8f041e2f53
evidence/results/tables/mosaic_n_v33_test_P8_val_P1_g3000_label_support.csv,1930,96f02000c410b9fefd5aa4b39cf7295482a520c93cc18e287e2eb6715451ded0
evidence/results/tables/mosaic_n_v33_unknown_cache_summary_2026-07-23.csv,2214,2bebaede58674ca4f9ac17878687188b4a87b0e8ff81fed43e8b152f9058b478
evidence/results/tables/mosaic_n_v33_unknown_reject_metrics_2026-07-23.csv,30728,0a47e14a1949d1a1f6329ddf6c1b1ae4e4d04d9d6366e84d816d7f4cac613af4
evidence/results/tables/mosaic_n_v33_unknown_reject_summary_2026-07-23.csv,1335,61c5131b5afd0acd01861426b62c655cc89384c21550d9e7c2b561ca6a6bde44
evidence/results/tables/mosaic_n_v34_attribution_faithfulness_2026-07-28.csv,1114,de44c73fd51a0fb05ab353b6076ca70aae553ad49f35883cc44f1b1e55caf8e7
evidence/results/tables/mosaic_n_v34_audit_case_studies_2026-07-28.csv,874,9298f202f3fb828550c05cc6e8953a4456ac19284eac2e9a9c9fed9fefa36b1c
evidence/results/tables/mosaic_n_v34_branch_disagreement_audit_2026-07-28.csv,1399,fc2394183ac10bfcc1ae24194ccd3573704c72d2e69f1e5d8654dcca7e1fbe6f
evidence/results/tables/mosaic_n_v34_branch_supervision_ablation_2026-07-28.csv,2784,e6b51226d0cec9bb89c6bfb008a7c33c51c79058479bcf597b42b0a27400f8db
evidence/results/tables/mosaic_n_v34_branch_supervision_paired_stats_2026-07-28.csv,1,01ba4719c80b6fe911b091a7c05124b64eeece964e09c058ef8f9805daca546b
evidence/results/tables/mosaic_n_v34_hsr_action_summary_2026-07-28.csv,692,ea5727580944699af201efe1648cf0edb1b96386ded4638032937cfff907ea1c
evidence/results/tables/mosaic_n_v34_light_chain_feature_audit_2026-07-28.csv,1776,43879e0bdb1b9dea8fdd9b465ac57011f1a0038aea0ac5345b00a2cd3fee0c7e
evidence/results/tables/mosaic_n_v34_tost_equivalence_2026-07-28.csv,2065,29156656bb634a30b4e655143c04f34ef3ab892c8221bf33d96677eb4a5dc386
evidence/results/tables/mosaic_n_v35_computational_cost_2026-07-29.csv,480,8f7ad934ca114116e547f46251283f2e40295b7dfb3d2f353027d2f343392f0e
evidence/results/tables/mosaic_n_v36_branch_margin_bins_2026-07-29.csv,1460,eacbdf488c815888240c26cd30c0e1eaadc9dd3d28942e09e2132ceb23a41a6a
evidence/results/tables/mosaic_n_v36_branch_margin_correctness_2026-07-29.csv,1504,03ae369d78c8c683576339d77b6069a759688876cfa45ac8c244129028fb1b69
evidence/results/tables/mosaic_n_v37_strong_ml_baselines_2026-07-29.csv,2098,401c9ddefaab5aa244a48f165a25e27949b59a21abe5ead46d19c394fcf94c23
evidence/results/tables/mosaic_n_v37_strong_ml_expanded_baselines_2026-07-29.csv,2655,7c66d2933144a4e90f575433b3c2b90c6ae8388c9d8a469eafa048ce945cdbad
evidence/results/tables/mosaic_n_v37_strong_ml_expanded_baselines_2026-08-03.csv,2703,946eac992e23dc881727295d01f9ba27437de8c1c30ee7b6616c71b8d38b7ae5
evidence/results/tables/mosaic_n_v42_celltypist_pbmc_nested_donor_2026-07-29.csv,752,d2dbcabd2622ced3bdd68ecd7e40297b87ca15e4e24be7933e3074acf827a5fd
evidence/results/tables/mosaic_n_v43_mosaic_vs_xgboost_paired_2026-07-29.csv,700,d5fa65494faa81e97ae120118fab031461536770c5a06c1c467bcdc3a677f216
evidence/results/tables/mosaic_n_v45_celltypist_native_pbmc_nested_donor_2026-07-30.csv,830,dd9c6fa9cdf4bc538faa5968526d0328dedb8902d40105cb25f57cbf003a40f7
evidence/results/tables/mosaic_n_v45_continuous_branch_audit_2026-07-30.csv,3741,843e18df584c8bc89583a3d24dfe31a514e8e129e8fa7a00ceadd1414e1eda8c
evidence/results/tables/mosaic_n_v45_continuous_branch_audit_unit_scores_2026-07-30.csv,19925,6e7ae3e6f17e41e7cef0569861e77865b5733448b018979992594adb1967392f
evidence/results/tables/mosaic_n_v45_required_experiment_preflight_2026-07-30.csv,1782,9ba3c68fb189b2bb1ef6703f1228a583920b4489fa4119e034ab8dd71bcbc6da
evidence/results/tables/mosaic_n_v45_runtime_epoch_diagnostics_2026-07-30.csv,653,c5fb0c019312eb8a91e2c5a282faf1a6ead1051f71a218c20dbb32814f236f4e
evidence/results/tables/mosaic_n_v45_unknown_reject_decomposition_2026-07-30.csv,3779,391e9f101ceed4b93535dfe358fa5bc38af17373f92e1524447997d20f4b3c99
evidence/results/tables/mosaic_n_v46_combined_branch_audit_2026-08-02.csv,4659,f4674dcfd6b89b99086c75198adab8db65952a715fe29c41695ff552d4230ecb
evidence/results/tables/mosaic_n_v46_combined_branch_audit_coefficients_2026-08-02.csv,2717,38f27812fdb50309dc6366d9d79022d0a39770b836204d28415ecae0dd33478a
evidence/results/tables/mosaic_n_v46_combined_branch_audit_paired_vs_final_2026-08-02.csv,2704,00def630679cdaffb776750c0f414a96ebf35c4f1b3d255631993f4182296a14
evidence/results/tables/mosaic_n_v46_combined_branch_audit_unit_scores_2026-08-02.csv,24234,16f03136729b1c1f0c721b645974ea78a62796f4f8c053ecc51717f7dec02fa9
evidence/results/tables/mosaic_n_v49_attribution_marker_enrichment_bh_fdr_2026-08-03.csv,5088,d5a08e447e270ca03b95f14032e34c23a3ce359ac4aa4214127390ef4100380d
evidence/results/tables/mosaic_n_v49_celltypist_native_pbmc_nested_donor_2026-08-03.csv,830,dd9c6fa9cdf4bc538faa5968526d0328dedb8902d40105cb25f57cbf003a40f7
evidence/results/tables/mosaic_n_v49_error_audit_risk_coverage_2026-08-03.csv,1948,439f15e4fb6891825b80a49ebd26177046357c4c2bf2878b6c82a43bec96359a
evidence/results/tables/mosaic_n_v49_error_audit_risk_coverage_units_2026-08-03.csv,29280,4e8656ddf8038c66400fb545207f0c15a865e5c6aaa5ab3328a45e1f97584c52
evidence/results/tables/mosaic_n_v49_macro_precision_recall_donor_means_2026-08-03.csv,1233,bff0c9463b8b82d2ecc5c0e3b8ac07f89aefac0c7c10a41b9ac9309db27b827a
evidence/results/tables/mosaic_n_v49_macro_precision_recall_paired_2026-08-03.csv,413,fe343b3320eab102fb2841eee19d9a843a4caa4b88182365ed7cd6a7c4424cc3
evidence/results/tables/mosaic_n_v49_macro_precision_recall_units_2026-08-03.csv,8335,0c9b140c3cc9095c221215361f5dabde97005f7af052eca47772ef8d9edbc507
evidence/results/tables/mosaic_n_v49_unknown_reject_decomposition_with_safe_fraction_2026-08-03.csv,3794,67cae9997aabaa0b2209d3ba7791fc047e3feeb492f574d54bd1243baa6b70cf
evidence/results/tables/mosaic_n_v50_audit_record_example_2026-08-03.csv,2411,408256233fef2adcfba2c4114554875f6c67ff296fe14cea9ed1d21d619e1b16
evidence/results/tables/mosaic_n_v50_audit_record_example_2026-08-03.json,300,788ea468eb43066105f23ec68628f46e9bf047e3cfe73c9ace7ba75bf57dbe39
evidence/results/tables/mosaic_n_v50_clr_cache_summary_2026-08-03.csv,804,2ce8bdc271e00acf75b6d4c292d8795a79788a04dfcf66d957baf4f4447fbb86
evidence/results/tables/mosaic_n_v50_clr_sensitivity_2026-08-03.csv,2249,d2d4ddea2285bba935da66b1dd3a0d628f40e186c857b68fb88efa2e88053762
evidence/results/tables/mosaic_n_v50_clr_sensitivity_paired_2026-08-03.csv,2395,1da1faa27e34a31417ac115f1ed247d6387492176afe651fd11d2e527e40d300
evidence/results/tables/mosaic_n_v50_hsr_scope_summary_2026-08-03.csv,4826,3947b01cea16eabbf94c6b854d257541cd2984677623eec23e305249ddc4c415
evidence/results/tables/mosaic_n_v50_macro_precision_recall_paired_2026-08-03.csv,418,7e7a08e3512645ffce0d4f6ea493c7c00ae886b9fe78e6b4c8be6a2af2adc91a
evidence/results/tables/mosaic_n_v50_macro_precision_recall_summary_2026-08-03.csv,572,1319dc0a1eab56c29218b32b3074cfd8f49391e59af52bdfaef0272946497699
evidence/results/tables/mosaic_n_v50_macro_precision_recall_units_2026-08-03.csv,1373,2934fef18863f50fb69d742685def4378939ba71b5fae8882ed6caf98d8b4d9e
evidence/results/tables/mosaic_n_v50_matched_mlp_donor_means_2026-08-03.csv,4025,4bc247250c46c86197a7186cffa82ebcedab9ee1d366e9131c3d3773b337042a
evidence/results/tables/mosaic_n_v50_matched_mlp_paired_2026-08-03.csv,1065,bc2133ad034b25b72827af866ec0472341c27f554589bd59f34f510d1fe0e4e2
evidence/results/tables/mosaic_n_v50_matched_mlp_summary_2026-08-03.csv,3472,cd2f5d508b339ac0f941595c976f9f21e01f421122039d3f15e979ec04f49ad8
evidence/results/tables/mosaic_n_v50_mlp_protocol_effect_2026-08-03.csv,1108,545bdbb1bc8aadd45d61f9dbdc7c33a3188e66c4fcfa2082d1671d811c36eae6
evidence/results/tables/mosaic_n_v50_nokd_vs_matched_mlp_paired_2026-08-03.csv,1083,3e0ab092f1ec7d77545367d53723db2e4d220455b80e914427728128173feb5c
evidence/results/tables/mosaic_n_v50_published_baseline_feasibility_2026-08-03.csv,2117,61115e4b778a68d66ddcdd9eabb6070061b89f62fb8a40b1cde6a55228324c9d
evidence/results/tables/mosaic_n_v50_published_baseline_feasibility_2026-08-03.json,3445,3ec5e8959473acf6b63f18b9f58f2bcb7f58720b10aa293ead65877c5f0e612a
evidence/results/tables/mosaic_n_v7_audit_feature_ablation_2026-08-12_coefficients.csv,13958,e0e3b57cd0194fcb47a9969b452993f017bc09f5f742e39ed8e1cbace28c5958
evidence/results/tables/mosaic_n_v7_audit_feature_ablation_2026-08-12_config.json,1263,86d561d26719ad2ef064363895a2383288940ca9e131f7b90013a1b04ad14a8a
evidence/results/tables/mosaic_n_v7_audit_feature_ablation_2026-08-12_summary.csv,4035,3a9672f08cab4f52566810c7dda9547b6f22a713aedcae2b079a7d285a854471
evidence/results/tables/mosaic_n_v7_audit_throughput_2026-08-12.csv,429,1e11203e1741c676e7e2ded65c515303e5af4c3dcf4efbed4d3cdfef09d85ae7
evidence/results/tables/mosaic_n_v7_breadth_aggregation_audit_2026-08-11.csv,1813,9f9b4523739185ada2949778c88f5b8ad05eb72eb8aa5d10333370c0d0f92ab6
evidence/results/tables/mosaic_n_v7_celltypist_full_smoke5_2026-08-11.csv,531,0f33277400d131e48a70801bf5b7250a50dfc94bac46a984238f1f30536e066a
evidence/results/tables/mosaic_n_v7_celltypist_full_smoke6_2026-08-11.csv,626,ebdfbb96ae2af72e91c762e2d394606ba2af94ac87e3111fda29599bb4f66bdf
evidence/results/tables/mosaic_n_v7_celltypist_full_transcriptome_max20.csv,965,587bbd0dab80c4427cb07f75627783bed291cd79987005be7acb008d0a5d0b0b
evidence/results/tables/mosaic_n_v7_effect_sizes_2026-08-12.csv,3179,02ec848562bb3da28faff7d490ea1fd0b269a03ad297dec8f929f2aa7ceeddba
evidence/results/tables/mosaic_n_v7_hsr_gate_bound_donor_means_2026-08-12.csv,3554,379ee5dd771ed9682dca2f5ad0c77bd66c43c32a1317aa6d7e7f678eb73ebbfe
evidence/results/tables/mosaic_n_v7_hsr_gate_bound_paired_vs_default_2026-08-12.csv,1662,1f8f451fe2fd2bb590b5744cbfcce12738bc9f9d67ebcb8ead86e2a2dd3128f2
evidence/results/tables/mosaic_n_v7_hsr_gate_bound_run_level_metrics_2026-08-12.csv,10675,3cf1edd56dacc73c1fe2013c49979844c1257aa165135d269614f9c35b2abe81
evidence/results/tables/mosaic_n_v7_hsr_gate_bound_summary_2026-08-12.csv,1800,52ece66f3e996364f3813dc4756dd9ab5c112e65d2c4a0d7064a6019005d55a4
evidence/results/tables/mosaic_n_v7_margin_bin_ranges_2026-08-12.csv,1125,ecac672a798b3133a7ba850bdfa7e77a9410cf2450bfe02f2ee138d60f8978a8
evidence/results/tables/mosaic_n_v7_margin_scale_branch_bias_and_scale_2026-08-12.csv,4950,6ecc96c8143296ddc18484c9f6fbbf69745b3585edbdb59a431c4ea6f64dca3e
evidence/results/tables/mosaic_n_v7_margin_scale_margin_distribution_2026-08-12.csv,7521,aa1a23d0a880619658ce6972a407afb9e2c297af916fef6824190db1e723d856
evidence/results/tables/mosaic_n_v7_margin_scale_paired_vs_raw_2026-08-12.csv,1760,6d21f4829b094955feed7524d00e6e5f42c62062223f8efc7da87fad41395faf
evidence/results/tables/mosaic_n_v7_margin_scale_run_level_metrics_2026-08-12.csv,9932,542952a3b1fbdc43ab79aee53cbab0db86b4a03349483b8c2bb51dbc6d989237
evidence/results/tables/mosaic_n_v7_margin_scale_summary_2026-08-12.csv,1519,716f0181513f0ad498607995b946d067905f62d71cbac5d6f77045f7a4081c65
evidence/results/tables/mosaic_n_v7_margin_scale_weight_distribution_2026-08-12.csv,9454,7fb76bfb789f10aa17b096c0ae0ae071e1daf7298d77ce4bee1c07112063c4e0
evidence/results/tables/mosaic_n_v7_mlp_large_nested_2026-08-12_config.json,1075,499cd1e38a1b73ed756968989f21062c41eef7684e9251671081740e44f3e31f
evidence/results/tables/mosaic_n_v7_mlp_large_nested_2026-08-12_donor_means.csv,711,ac7f053330fd6e8ce372b7cd3b466e7d5850cb77be0f2aef649b3f364009b018
evidence/results/tables/mosaic_n_v7_mlp_large_nested_2026-08-12_paired_vs_mosaic.csv,1642,2f1a6e6cb8ee3296c03860fc92d08143d2a1dd84ee565e13317306a3fa1a0670
evidence/results/tables/mosaic_n_v7_mlp_large_nested_2026-08-12_summary.csv,1248,0467f2f03d8230b240174de06dcce2d5e7bbfde4541a9dcd35636f077cd880ab
evidence/results/tables/mosaic_n_v7_mlp_large_nested_2026-08-12_units.csv,39713,37bc8028899bcaf22511b2cd323b99d06fa87b8fff8097d4cdaa8b9023a63e3b
evidence/results/tables/mosaic_n_v7_panel_aware_mask_summary_2026-08-12.csv,7470,0fdb58851b40c9d858cbfe6e718eeb9f579468f9e5c4a0893210f7127ab4dae0
evidence/results/tables/mosaic_n_v7_panel_aware_metrics_2026-08-12.csv,61405,b7d47c8138c745285aa456248f58f8b145c6522ce06bab00bfb9f0101442492a
evidence/results/tables/mosaic_n_v7_panel_aware_slopes_2026-08-12.csv,4290,3ef6ec7e2adc1defa036a3068398c95875ac984d424d351fcee23c289809621a
evidence/results/tables/mosaic_n_v7_panel_aware_training_summary_2026-08-12.csv,522,09f83f5020eadc1ac8d53543fc47f6ca412e744d3333253baf01e3d84a200f58
evidence/results/tables/mosaic_n_v7_panel_aware_training_table_2026-08-12.csv,3766,84bb5d26317cc4b2d74141e5b8ff1274b408df8b5070deb7913ebd9dbb1a5413
evidence/results/tables/mosaic_n_v7_panel_aware_training_units_2026-08-12.csv,20127,09b39e2695fe16d2b9f0aa176741d4b9a103ab09d9e70e0fd433be42c25f0cd7
evidence/results/tables/mosaic_n_v7_pbmc_source_provenance_2026-08-11.csv,922,7a75bca680e9ff17a276094155417d140ab3b818437233eb86d76d4951901f5f
evidence/results/tables/mosaic_n_v7_pbmc_source_provenance_2026-08-11.json,1626,ad3a36d90054d30ec9ba2308c2cbc1b25687e39a1f085e55e2026d479a41778f
evidence/results/tables/mosaic_n_v7_review_consistency_audit_2026-08-11.csv,2098,957978544faad157c0f9fe31e332c6d7a30b6bcbf59f92be27985f2ae0a7b441
evidence/results/tables/mosaic_n_v7_rna_cp10k_2026-08-12_donor_means.csv,2432,4c871bb0648e9841f7d77b19cbde9cb728fe2850ec48e8c283b750df5e535f4d
evidence/results/tables/mosaic_n_v7_rna_cp10k_2026-08-12_paired.csv,2111,c5149be587c3f960d9e4a65c319bb271dc75726caee93b699203c5a793bd3335
evidence/results/tables/mosaic_n_v7_rna_cp10k_2026-08-12_summary.csv,1214,0a1023d0516f66b72393689e7842879b27f41d0332170dc34488242ba90439b1
evidence/results/tables/mosaic_n_v7_rna_cp10k_2026-08-12_units.csv,17799,e2be51bd604c333bd3422da0ee95ce97dada3ecc5a66c36d8168f93f62570bd4
evidence/results/tables/mosaic_n_v7_rna_cp10k_cache_summary_2026-08-12.csv,791,3cbdf23f190aa335d5bc6d3d8cc8dd23037ab42e4415de48f1bbf3f7eb578ede
evidence/results/tables/mosaic_n_v7_seed_disagreement_2026-08-11.csv,870,e82f6ae42bf7c533077a78f65c7efe48b79312207a0f7e96899a33f2b37848f9
evidence/results/tables/mosaic_n_v7_seed_disagreement_2026-08-11_config.json,618,f6758b8bc9f9a2f5131e82390f8e7ba8eae921f368fb6e93af4ffb4e2f40fc88
evidence/results/tables/mosaic_n_v7_seed_disagreement_2026-08-12.csv,870,0ecc8aa9501ccd2f6f7dff353488cf5fdeb2e3e2acb74e736d537bfab65d0f69
evidence/results/tables/mosaic_n_v7_seed_disagreement_2026-08-12_config.json,618,218572229f8198c0223e3138b0c0aa207a3404cfe1594b62b37880b8696a0202
evidence/results/tables/mosaic_n_v7_temperature_scaling_2026-08-12.csv,1200,9555f8f5d329562162e11a4aba9d559385c183f5619ebb8625200fdd1b371356
evidence/results/tables/mosaic_n_v7_temperature_scaling_donor_summary_2026-08-12.csv,15090,b40984753f4efcbc1c04e5a44f9f11db77ad7de1f822694ab64e3d74fb1babcd
evidence/results/tables/mosaic_n_v7_temperature_scaling_units_2026-08-12.csv,16681,fa4778cb944d1b30f86b9604155785d2ff9e3e37af08fa3df9e867f2e525a784
evidence/results/tables/mosaic_n_v7_uncapped_xgboost_paired_2026-08-12.csv,835,a7e8a13e8cf1fdbead329cdd444f89d81f77ae3f68ace40ba7bad7506062b132
evidence/results/tables/mosaic_n_v7_unknown_target_panel_marker_availability_2026-08-12.csv,786,e67659e86ed9a4f524122a11f5473f8187c3b34839305873a0e864768d6c3036
evidence/results/tables/mosaic_n_v8.2_manuscript_consistency_audit_2026-08-16.json,1491,dfd65f4f333b4af35bad041da75db8415f90c22641c3630bf1e9bb47a4f3f992
evidence/results/tables/mosaic_n_v8_audit_case_study_records_2026-08-14.csv,1800,a944d8599cd3ac7cfd6ee49d748ed323243ba8e5c2255bf130c1e8cd0474a52a
evidence/results/tables/mosaic_n_v8_audit_case_study_records_2026-08-14.json,431,8e83a8dba1b527e05b9f693ad1e972405ede9a9b38200a3acef6667e2538feea
evidence/results/tables/mosaic_n_v8_cd8_mechanism_audit_2026-08-14.csv,630,ab07b852f416ca1c05dc2de0343fe40664c6fd142e3ffb39ab4efeb782a50c4f
evidence/results/tables/mosaic_n_v8_manuscript_consistency_audit_2026-08-15.json,1481,0e29f2780cc74faef8d2f295143bfb51f00821857f0ae32b90a2d55b7c554595
evidence/results/tables/mosaic_n_v8_marker_mechanism_audit_2026-08-14.csv,49260,d85e3dca36bd0b93cf956acfc68b84c07454979e737248a881fe8b2d21bb0e49
evidence/results/tables/mosaic_n_v8_marker_mechanism_audit_2026-08-14.json,624,e0e737a834c3e6f5bd64807cea65090da651eaa156d426eaa0912af2ab4a7d2a
evidence/results/tables/mosaic_n_v8_marker_performance_association_2026-08-15.csv,1967,c43a0aa700699b4a0b28017b719464f9355ee1b4abc695c139f5660bd18911fe
evidence/results/tables/mosaic_n_v8_marker_target_association_2026-08-14.csv,886,37092feead7c2f86930ae0cd08343d340cbc4e63ad02b2299945a1552509da73
excluded_files.csv,28,4bb78fe80ad3768dce6659f129536acaf49653aeed316178dff676533bb0a8f5
experiments/__init__.py,504,eb39faaec14011106f7a6417185330b78fc57f5ff02f79a61506a62d93a610ee
manifest/configs/splits/pbmc_cite_seq/leave_one_celltype_l3_out_manifest.csv,20276,670499454fac5f87e046cef9cbb71ec54d715f1dce0a109ebc410320d5ffaa84
manifest/configs/splits/pbmc_cite_seq/leave_one_donor_out_manifest.csv,718,5064c0fdb8ec12c26b8e5e19e72d8462ed00e85a886eaef0c60b062afde55df8
manifest/configs/splits/pbmc_cite_seq/nested_lodo/test_P1_val_P2_g3000.csv,7207535,b4decbfcabd6dbc792003437ac4ee2a44c1cb70ca4578d34498bc547ec8c3a21
manifest/configs/splits/pbmc_cite_seq/nested_lodo/test_P2_val_P3_g3000.csv,7213555,d7a3a9a77587260e4ee2ad81d54d1203b44a9882c4b1ac9877807421aa0a19c3
manifest/configs/splits/pbmc_cite_seq/nested_lodo/test_P3_val_P4_g3000.csv,7211240,7b3163474bbc382cf7221938ee53a17e743faf7ceefd76d320abf0cc2fda678a
manifest/configs/splits/pbmc_cite_seq/nested_lodo/test_P4_val_P5_g3000.csv,7199368,c7e0de094cfb44ba9543b1b8835b43645d1eba41432db7f5c7f78745b140c558
manifest/configs/splits/pbmc_cite_seq/nested_lodo/test_P5_val_P6_g3000.csv,7196785,78e981431963d6b162e96cf680d1cd80f23bbd00e767aae18efb2b4871ae3ed3
manifest/configs/splits/pbmc_cite_seq/nested_lodo/test_P6_val_P7_g3000.csv,7187596,5dacc452dd553b8f3ad8b5ac4dc865bd476e01af2bda0836af1e6128eacb9d0f
manifest/configs/splits/pbmc_cite_seq/nested_lodo/test_P7_val_P8_g3000.csv,7181709,9759d85983ea82e71d191da2e05da74fe0391131c719d53a54bbbf2cc47cea83
manifest/configs/splits/pbmc_cite_seq/nested_lodo/test_P8_val_P1_g3000.csv,7197560,779bdce9ce875175cbd35575a4e41e8a6bc737666f5c0f002915197887408936
manifest/configs/splits/pbmc_cite_seq/pseudo_unknown_B naive lambda_seed42.csv,9338217,54c71d1d9851c0d3493deb3e5aace6e20015ec113a7d42b05eb05775cef12c53
manifest/configs/splits/pbmc_cite_seq/pseudo_unknown_CD4 TCM_1_seed42.csv,8577865,14238f7c107d45827c732a897e4f7ee37e01021320b9d77dbd4e40eb3641c8bb
manifest/configs/splits/pbmc_cite_seq/pseudo_unknown_CD8 TEM_4_seed42.csv,8525999,39bb66705851cdab41f365408aa2daed2f656a7afca518cc5a12975922cdc1f3
manifest/configs/splits/pbmc_cite_seq/pseudo_unknown_NK_3_seed42.csv,7708941,fac5794c370ffcd61a4942acc248a91b7a5e69661d5e9d6da60642e0aafd503a
manifest/configs/splits/pbmc_cite_seq/pseudo_unknown_gdT_2_seed42.csv,7856853,d7a9de61996baf0ec3db04a62c8daa63ffbe0ba61bc3999a1d6380f65a122413
manuscript/.ipynb_checkpoints/MOSAIC-checkpoint.pdf,1791543,e6a500991ea10243a4cc4e54ea9ce02a1be4c561aa5a3d84ae434d4093192c30
manuscript/.ipynb_checkpoints/main-checkpoint.pdf,458025,7ce36ededf7bb9f784cd1b7f1b5c06e185e36abdfcc051029db9fbe607420e24
manuscript/.ipynb_checkpoints/supplementary-checkpoint.pdf,166793,f496a1d0878916f301bc41f788b7879a6c990cd7dc986e7e1df01d40a2e14b1c
manuscript/.pytest_cache/.gitignore,37,3ed731b65d06150c138e2dadb0be0697550888a6b47eb8c45ecc9adba8b8e9bd
manuscript/.pytest_cache/CACHEDIR.TAG,191,37dc88ef9a0abeddbe81053a6dd8fdfb13afb613045ea1eb4a5c815a74a3bde4
manuscript/.pytest_cache/README.md,302,73fd6fccdd802c419a6b2d983d6c3173b7da97558ac4b589edec2dfe443db9ad
manuscript/.pytest_cache/v/cache/nodeids,2,4f53cda18c2baa0c0354bb5f9a3ecbe5ed12ab4d8e11ba873c2f11161202b945
manuscript/.pytest_cache/v/cache/stepwise,2,4f53cda18c2baa0c0354bb5f9a3ecbe5ed12ab4d8e11ba873c2f11161202b945
manuscript/Fig/.ipynb_checkpoints/Fig1_hsr_activation_and_delta-checkpoint.png,133477,55d4a95f7f35399995f2c488eb7128e6525c79eb12eb18c670e89420563ca256
manuscript/Fig/.ipynb_checkpoints/Fig2_interpretability_evidence_map-checkpoint.png,151138,60218aa8147c3140525adea592b351defc5cfef8b4ce0b4ac5cfc96c64e675c1
manuscript/Fig/.ipynb_checkpoints/fig1_user_final-checkpoint.png,1560669,ff4dd32af947d06024d477a5ae3456deb3594e2a2ea7de2a00ba647558bb9bb4
manuscript/Fig/Fig1_MOSAIC_learned_HSR_architecture.pdf,39432,735024d302feb04f3f8b6b4b33f819562a38212cce3f19de5436c849948b21bb
manuscript/Fig/Fig1_MOSAIC_learned_HSR_architecture.png,905305,d30bf90774cd3341258b158e9569b21ca9434bf70fa8b7fcb537449d81aee738
manuscript/Fig/Fig1_MOSAIC_learned_HSR_architecture.svg,118201,dac1d7dcb11de4ef75d7c9197a02f7654886a801dc7ab2f08b9d52988602ba61
manuscript/Fig/Fig2_MOSAIC_V33_evidence.pdf,41679,ddcc490d4b969dd39fffffd0307fef7f5323810c14713fa236c7b48955249b22
manuscript/Fig/Fig2_MOSAIC_V33_evidence.png,1077359,0a1f4658bdded9990bb34a9bd9669b879a0e9b29496810e95687133b5fae4dae
manuscript/Fig/Fig2_MOSAIC_V36_evidence.pdf,42291,5bd33e91a5d14f1531e59b677835541d11445fe1d23936ba0541d7efde0daadc
manuscript/Fig/Fig2_MOSAIC_V36_evidence.png,615103,a743939b56f60eff84dcfa04190d112e74c7e28d538ce5fb3e056796c9946958
manuscript/Fig/Fig2_MOSAIC_evidence.pdf,46454,813d39aab5bf2465eb3d53353f20b940827593bcf20570c8f4d794425ca08811
manuscript/Fig/Fig2_MOSAIC_evidence.png,689356,d7a10ebb3b3fb76cbcd33a3dd8d799b1c4c8babd38267fe146ac3644a70ff699
manuscript/Fig/Fig3_MOSAIC_audit_cases.pdf,32519,8faf46d71347f4d1a38f65c4a2c8afc6a081e4ef8a4cb547fd064d37564819d5
manuscript/Fig/Fig3_MOSAIC_audit_cases.png,151057,c0f72426ef6b39b440664615f3d5148a7d352d3d7cd162490ddf0ba6fdd33b5a
manuscript/Fig/Fig3_MOSAIC_audit_cases_singlecol.pdf,32384,90693e300cce6b46ad77c543ff63013b74f83686ea6dc2a49df4741716f3bacf
manuscript/Fig/Fig3_MOSAIC_audit_cases_singlecol.png,160380,ce0e5a9174d9c3e85ca084d612f63ecdbdc4189babd90f7a7bf488c89ab29ffc
manuscript/Fig/Fig3_MOSAIC_marker_support_audit.pdf,55265,1ce93cad17affbc6ea62007f5792211cf4e8bc4a114364d701b73c16671ba361
manuscript/Fig/Fig3_MOSAIC_marker_support_audit.png,379469,9c10dda382c75b898b05a10643f4e69e4fdfe7e5234a149d619df95b2d7aa72f
manuscript/Fig/FigS_case_study_marker_limits.pdf,19593,10cd901a1e61506d134bb5d52d2ef98ff5f43b2a5491ef395db61a57875fa7fd
manuscript/Fig/FigS_case_study_marker_limits.png,151472,ceaa45408f0f181322444317f5e9463467b35a00f9342321df745f3e7a024ceb
manuscript/Fig/FigS_error_audit_risk_coverage.pdf,15353,4c26dab0930f1d99db035fce0532ab290c388f218ef67fc4a4d8d4f9804eac4c
manuscript/Fig/FigS_error_audit_risk_coverage.png,176284,c33172cd4939cfc95c16c9881667afdd993c661fd2eaff85d7b499f6b3e7d609
manuscript/Fig/archive_pre_mosaic_rename_2026-07-27/Fig1_MOSAIC_N_architecture_draft.png,1560669,ff4dd32af947d06024d477a5ae3456deb3594e2a2ea7de2a00ba647558bb9bb4
manuscript/Fig/archive_pre_mosaic_rename_2026-07-27/Fig1_MOSAIC_N_learned_HSR_architecture.pdf,39352,0fb9a29a42e5381b854c30e32c87e55781561b34b443e4697cc21c20151ee908
manuscript/Fig/archive_pre_mosaic_rename_2026-07-27/Fig1_MOSAIC_N_learned_HSR_architecture.png,902720,4e8a00fe6f1532f18d3728c09d8d329b7de608663ebd88a13708e19c28de0783
manuscript/Fig/archive_pre_mosaic_rename_2026-07-27/Fig1_MOSAIC_N_learned_HSR_architecture.svg,117754,04cb2b6869ea7bef9340adb2dbb003e8e890eb6be8c2f1ac1ff4df5682b05c07
manuscript/Fig/archive_pre_mosaic_rename_2026-07-27/Fig1_hsr_activation_and_delta.png,133477,55d4a95f7f35399995f2c488eb7128e6525c79eb12eb18c670e89420563ca256
manuscript/Fig/archive_pre_mosaic_rename_2026-07-27/Fig2_MOSAIC_N_V33_evidence.pdf,41681,858b0745de12bdf21819a6b8f3ec6415640a516bf8d0778a335654df2bba5b9e
manuscript/Fig/archive_pre_mosaic_rename_2026-07-27/Fig2_MOSAIC_N_V33_evidence.png,1077702,b26a9c296e0fdfa00a024a266359a01725a4e492263946380abefbbbc599b97b
manuscript/Fig/archive_pre_mosaic_rename_2026-07-27/Fig2_MOSAIC_N_V33_evidence_pre_redesign_2026-07-24.pdf,35644,322c0c42ae5016495b829b10064d1ffae439a0ad9ab6cadb519ccdf401d187ff
manuscript/Fig/archive_pre_mosaic_rename_2026-07-27/Fig2_MOSAIC_N_V33_evidence_pre_redesign_2026-07-24.png,661350,461832c176838d9e036d9019898b155cb26b245403ee631a55c852ae0bfff5a2
manuscript/Fig/archive_pre_mosaic_rename_2026-07-27/Fig2_interpretability_evidence_map.png,151138,60218aa8147c3140525adea592b351defc5cfef8b4ce0b4ac5cfc96c64e675c1
manuscript/Fig/archive_pre_mosaic_rename_2026-07-27/Fig2_performance_and_hsr_audit_v32.pdf,42229,6a5eee1687504fe5443bd8bb83ca5817667905a1b748e9c2d9b5a523be1c5ccc
manuscript/Fig/archive_pre_mosaic_rename_2026-07-27/Fig2_performance_and_hsr_audit_v32.png,1048650,b1f53a184f7eeab0b4f331395f09bc6e6721a5c51f8b7ae746840438a4a10427
manuscript/Fig/archive_pre_mosaic_rename_2026-07-27/Fig2_performance_and_hsr_audit_v32.svg,172204,23b42aa7dca5580e47fef8f674c42aeb9bfc2ad6ba540914f5f08e8f74990c3a
manuscript/Fig/archive_pre_mosaic_rename_2026-07-27/Fig2_performance_and_learned_HSR_audit.pdf,42203,dfae20ac19aca35000785a7918d493d73158907ab70a575537bb77d86fcdb752
manuscript/Fig/archive_pre_mosaic_rename_2026-07-27/Fig2_performance_and_learned_HSR_audit.png,1035478,931014effbadc7bebb1a6aa2b03e43ce6ece3d3b8f10bd0b76495ec574878065
manuscript/Fig/archive_pre_mosaic_rename_2026-07-27/Fig2_performance_and_learned_HSR_audit.svg,170437,ee6cc6741ad7dbb6b7dbbe3a40cabae09aa004b74990b79c5aab2e5e1d9874ae
manuscript/Fig/archive_pre_mosaic_rename_2026-07-27/fig1_user_final_pre_mosaic_rename_2026-07-27.png,1560669,ff4dd32af947d06024d477a5ae3456deb3594e2a2ea7de2a00ba647558bb9bb4
manuscript/Fig/fig1_user_final.png,1673951,5d445e9a17a33119391f329df69d3a4c980ec6d692922f2f8c872fa1836e3a5f
manuscript/Fig/fig1_user_final_pre_mosaic_final_20260810.png,1473806,6d377b09c3ee078ac1a3cc1462696b5e70bf605369d52e211101108cef454ece
manuscript/MOSAIC.aux,14968,f915807d0ab23e906fe30cc41d0233633f5d46cf2a9758577e4e10d18fefc44f
manuscript/MOSAIC.bbl,11319,5560a61411abcc95f0204c7057a0b8cb336d47b1b2acf75e433d40e82200584a
manuscript/MOSAIC.blg,925,e3e07c4c329f6292a8c73fd816891fbc79ad2df823dac82540946304a637596a
manuscript/MOSAIC.fdb_latexmk,29047,b4963c291c779c2c1140d9003366da2737fba755761a31c7b24a63a86f52e695
manuscript/MOSAIC.fls,34987,d380e28ec421c0780c38897f02b0a56faa3f1ee9bac2d1a4b0c690d908bbd590
manuscript/MOSAIC.log,51587,c3f0dd8de9758e8ba0347467a92eb6903779bd0ccdfd79874271c7d29479591b
manuscript/MOSAIC.out,1573,0a44ad7fe4fcf01ec09658b19a04b8bf633f39a222b547e03f7dbadb3e7b5eae
manuscript/MOSAIC.pdf,2084404,e93067919bbb44eed6a9585eab2b99dd84677af420fc2c15736e6fd1371dd779
manuscript/MOSAIC_supplementary.aux,29134,f35728c26339cea23b3195be80b9bae9fd3d670fb6ece5c108e8972435582e83
manuscript/MOSAIC_supplementary.fdb_latexmk,17776,ee40b04eb036ada1c6a1a888ba0dade1e6d5decb552ee02e5e7ea9f18bf7c26c
manuscript/MOSAIC_supplementary.fls,17258,e018cad1445b2bd51ad41d6b3d106832ace30f14d6f51d73a61f1512e18873b8
manuscript/MOSAIC_supplementary.log,26799,fb80d1a97a72b026afef0c132148b83a5f80b2d9cbca9c89a2e395397d85704b
manuscript/MOSAIC_supplementary.out,1347,6b94d56e244db56048fbcfead0ef7baf927c13a9611e512e0995035ee7eb654c
manuscript/MOSAIC_supplementary.pdf,389079,bed88ab0496b48a61ede87cca73533027743967260260c5ec55cc1f185aa216e
manuscript/Makefile,574,123e1297bffbb4d3df7f64aad9f374a586e8293e64381a2aece43d6b5f4c63e8
manuscript/README,1244,cdf6703b8bfde410b7f47eb3725cb63ed654930047c6c3a684d5460586ebeecf
manuscript/doc/oup-authoring-template-doc.pdf,218116,07403c88eae11693173f7bf89b43be8118d30c9835024cb81e1d107a5f653f5b
manuscript/doc/oup-authoring-template-doc.tex,22893,1b8fb5ac54df3096d02b18a813ad4d579ae9ac9d62d599eab36b76bc8d79cf17
manuscript/main.aux,11375,297c9938d10420780827e7319c3a9798060b09c5886961473cce3325ac7c96df
manuscript/main.bbl,10776,8af3a88de22d6acc8b8c449fb329437ffec41a92fd394776ee085ac39f944a45
manuscript/main.blg,923,7ff010dd346c787d06370de0ab2e2421440e136d21e99dcbd1ca0044edb8b7ed
manuscript/main.fdb_latexmk,28187,c31f8080a259f488939784ff897039915e0791ebaea192137ab58c158aaa5102
manuscript/main.fls,33313,7435a7414ba5c54ec253fc346f283c3ea247bc3649dfbb80475a049bfda96370
manuscript/main.log,48123,92e2a0b46f65a39468e20559f9f1904d73c657e2d134854dfbbb7080a76bbf6d
manuscript/main.out,1435,87d071104f8043ce1c17d313058cfa78570ab63d917468da996ae2898222f96a
manuscript/main.pdf,1791543,51fc670c37bb775f931cb14683cc22e0bd7922385745ec6f19ee65cf494b2991
manuscript/main.tex,35327,5d6fc1eda8538e7262428125e8d21b979484f1e6419920bcd595c60ce90267e6
manuscript/main_pre_v30_2026-07-23.tex,45079,c9d63502b39e4cdcc860eee60c1c4a712b360c862fc2db4ccc5fea9603ad383e
manuscript/main_v32_pre_v33_2026-07-23.tex,28117,4690a42202f7b6e32b9b526fca695d77bc11ace6d330cc5d3196e728b8cc419b
manuscript/main_with_figures_2026-06-04.tex,22468,377a2fabeffc8dd08370e65c97032f0b3cdcc7d502b9a4a0a18d9702fee61f5f
manuscript/manifest.txt,1417,1633bb330c847f3fc0ccb5f358dfb6091d8c27dd834b1018441adf82a2ef7260
manuscript/oup-abbrvnat.bst,26536,8004033e134786884125d7312a65f042d453c18f5970a54ecc193042904e00f9
manuscript/oup-authoring-template.cls,145388,942b3e515c0a64581d9140e04a00bbf30e8b68254565ba75cb8b7c99c21d7c96
manuscript/oup-authoring-template.tex,51011,4fb3b9995478d75d4249fac053902472f2d78b97b129ae4b34475271dee68589
manuscript/oup-plain.bst,20621,c32b0fff1ae22c72afc2357db634fa3a4366e8f2eef84b1bb90e6423aac18f51
manuscript/reference.bib,60446,3a8f033739cff93bdce0293542725af9b0fb1470252b004a47586bb523809a45
manuscript/references.bib,13924,21c712937c38c977173a89fab2447eef3b8706cf0d03a53c7c5695f8a3ef62a7
manuscript/supplementary.aux,5064,97662726c7dfc3656529d8777ab4b13a4c74e1650db47434ea2fcdc9f38414a7
manuscript/supplementary.fdb_latexmk,11116,5ac22c32f04af0e8471a99b8dc697c6c7d4147d51083467dd4b16456eeae8f8b
manuscript/supplementary.fls,10573,06cd0fdfcdcfe145e697ce9dceff0515b662d443c0c2239010a0d5a8e3eb98a5
manuscript/supplementary.log,18685,6eb617885fd067b81ba08ede71e22754689febb037d97b5867fd8fa889b9bab8
manuscript/supplementary.out,683,148094b7c075d5a7f15cf43e54c75df9382b275732dfd79da7b0df9a30a809cc
manuscript/supplementary.pdf,166419,f986e93972cce3abd5ca07c37dbe1bfad6506ebb5b248e2cbb91fcbb6427b37a
manuscript/supplementary.tex,64013,dafbbd2bbcb6ca6c8080234bca1735c3f53f9f765999aa0020503fe2eb2384b5
manuscript/supplementary_v32_pre_v33_2026-07-23.tex,14051,5d4944ff063753ddb827a5f35b651a124177b409451072c1845424a71f704910
manuscript/tables/mosaic_n_v24_claim_boundary_audit_2026-06-04.csv,2381,72e1f61b6743ecf08425758ebefdc552cab91913dd71848427146f12a242a0e7
manuscript/tables/mosaic_n_v24_final_claim_wording_2026-06-04.csv,2035,3f6779022ae69998c18e945316d774155c69d463b05a8ac6e922eafd9ced0104
manuscript/tables/mosaic_n_v24_interpretability_bridge_2026-06-04.csv,2188,e64da72b4fd23f7e4bdf526f59ea92a31ebd34f13a7c9bcfffed39f5bf0730ec
manuscript/tables/v30/source_csv/mosaic_n_v30_learned_hsr_paired_statistics_2026-07-23.csv,811,5a1859b8a1eadeadccfcb147368d9757aa92a8df015a379a49e9ee7b41f5d405
manuscript/tables/v30/source_csv/mosaic_n_v30_learned_hsr_same_checkpoint_effects_2026-07-23.csv,2820,c33820f812a13cb493de14a5388f66bc8522233599a8685f69ef2b3c4c783fb1
manuscript/tables/v30/source_csv/mosaic_n_v30_learned_hsr_same_checkpoint_per_class_2026-07-23.csv,32780,ec5f2df8b3c45f3b4b0ad8e8f4365948e4e75b51b3423de263081f5d7db9441b
manuscript/tables/v30/source_csv/mosaic_n_v30_learned_hsr_same_checkpoint_summary_2026-07-23.csv,714,199b531c799c7f997b1f210c73d8ed43414e4e8e3590620941da34f50f3d6779
manuscript/tables/v30/source_csv/mosaic_n_v30_learned_hsr_seed_metrics_2026-07-23.csv,2867,0ac1468b21efae0942bdbeec1e41d67f5df245c3722fcc27665f5a1ceef5b175
manuscript/tables/v30/source_csv/v30_mosaic_variant_protocol_audit_2026-07-23.csv,541,37a69ee8bcff18959038c8d11964de718889b43ea6990634fca0f3b56606d928
manuscript/tables/v30/supplement_active_classes.tex,477,b3da97b5952f961b9dd21a2fc3cba09ba7087d1df54d3abe6a5d7917530485ec
manuscript/tables/v30/supplement_same_checkpoint.tex,716,adfce3833cab941b8859f4cc3b04d3d8d9370f2e82cce382c2ef31abb343f4c8
manuscript/tables/v30/supplement_seed_pairing.tex,931,da7af1d8347f1ccbda4f6014fa76519de0d209b09a225a4e0865fe28302965d0
manuscript/tables/v30/supplement_statistics.tex,680,504a2120e4e950be166f5dbe047d7dda3efc971bb20f823696ad62d7925ecb90
manuscript/tables/v30/supplement_table_manifest.csv,1944,78df0df252e4c07d29170753d0e14ec33e27780e49257f001fe03d8fdc44450d
manuscript/tables/v30/supplement_variant_audit.tex,695,9b8e1e573eb35046df80460147ca5dfeb2b071e9e806b740d0e80cca519d2ee8
manuscript/tables/v31/main_performance_table.tex,3088,b91488ffcc3de8d5900b74baa0e96dc132bad2dcc08c4ff9cb3a6ca627d527c8
manuscript/tables/v31/source_csv/mosaic_n_v31_baseline_protocol_matrix_2026-07-23.csv,8582,bee7a64d37ee80013789585b7f39bc86d1202acb5aaf04bb8409e92b2b734800
manuscript/tables/v31/source_csv/mosaic_n_v31_covid_patient_generalization_paired_summary_2026-07-23.csv,538,57995ae5e813c69b7c63a1af61fd5dff6f6bffea27deaf6710406c40630c0fe5
manuscript/tables/v31/source_csv/mosaic_n_v31_gse_bounded_hsr_paired_summary_2026-07-23.csv,486,6a5d25d1c4501850f87e7adf888248abb7b025cdd379794d4c5e84d28d658dd4
manuscript/tables/v31/source_csv/mosaic_n_v31_paired_method_differences_2026-07-23.csv,3111,54e413b25e7255ca06e6645ab935499df4995483fc1abcb00289662a7504eed4
manuscript/tables/v31/source_csv/mosaic_n_v31_pbmc_calibration_paired_summary_2026-07-23.csv,442,f623d170e597fc93bd60a2584d12a164eff67e403d392eb9f9f5fa93034c85a2
manuscript/tables/v31/source_csv/mosaic_n_v31_pbmc_checkpoint_ablation_paired_summary_2026-07-23.csv,2334,f1ce62386dac4f31d161aaaff8cd0fda4e680d86b7e3b25d9c24f1f729e64c51
manuscript/tables/v31/supplement_ablations.tex,1282,724f361bc72c93e81404a44d97a14b56e2d5a6e6c2053dc7ba76252b027df08b
manuscript/tables/v31/supplement_baseline_protocols.tex,5978,5edb1251d353332e340c3f144dd72dd718a6a2ac8a2212e6c16ee23d33bf30f2
manuscript/tables/v31/supplement_calibration.tex,309,5280e90e4854df12150450a703b2340d3956a40b9a6fdf122f0d5c7ce7834028
manuscript/tables/v31/supplement_external_hsr.tex,312,aeb9e16e269168bfa960ea4a001f61c6c4f14120e208cbbda90e8218f907a339
manuscript/tables/v31/supplement_paired_methods.tex,1296,1ff13b25f1173519917999795c88b61e2118ed21d9409e5b65c3220efde544b0
manuscript/tables/v31/supplement_patient_generalization.tex,308,6611ed490df4c92d69dd8636c080817d6c3268606cddd3bc35dfc4a42fc223aa
manuscript/tables/v31/supplement_table_manifest.csv,578,ed88a92e35d0da40f19ac8bedd7aac00f79643e1f018e280e77d6186a4949bfb
manuscript/tables/v32/main_closed_set_performance.tex,2372,4633d0d01087f77c4079d4b9ed80b8cf724c1a3527e760f3c0d4a29c6f690dca
manuscript/tables/v32/supplement_closed_set_protocols.tex,3882,0dfe315ccace3869051e46619d80405816f3bed76f7e0ea2f66cb3eee25d5e2b
manuscript/tables/v32/supplement_combat_attribution.tex,498,e1626cbaaee1a339263c99df710e1b8d6d0d14e49f15a92aef9e91c3dc43895a
manuscript/tables/v32/supplement_dataset_audit.tex,1386,d0880cc85868dada3b0e447e8034eac3d0b758559a6648ae4ba5a39842c4fb95
manuscript/tables/v32/supplement_training_ablation.tex,374,19aaeba49539db314899a55042663be1181517efc491c670ce612039363f5e99
manuscript/tables/v33/main_donor_performance.tex,656,28b63381c5ec7f220e587294895e3bbd10627da2a906e3766e2169989b5ef1bb
manuscript/tables/v33/supplement_attribution.tex,1106,6241e8a76c026969b97c3ff5e2fc559797d8ece46d8670d4119748e1dbe50c91
manuscript/tables/v33/supplement_donor_performance.tex,2862,91d282310c1836631ec61e8e03a5b14b148003fa77ff0bd2aae8543ca6e810da
manuscript/tables/v33/supplement_panel_robustness.tex,3595,4c20bb65cee9bde7a319c24fea775b691219583d5e9d2ab8214302403a131ed7
manuscript/tables/v33/supplement_pdc101.tex,590,ef455d161edf39f5dd2481c086bf347487c3e9a6b6bf1a30b9f7b00aaa519e23
manuscript/tables/v33/supplement_pdc101_per_class.tex,502,e33792f76304a478fda8811a48e11776a789e08df2172ddd8fc5f654737f41c7
manuscript/tables/v33/supplement_unknown_reject.tex,624,94aad356a4dba43655c9e4f8f81decdaa71316ffbe2fab20af2a0f9feddf6a1c
manuscript/tables/v33/supplement_unknown_targets.tex,587,cc00795d744ce6ad1ff4b0735c013bfa52583c29389b157adc38b404f514c8e3
manuscript/tables/v34/main_table2_large_baseline_matrix.tex,1107,459218389ccacbbefa5a690502a3eb70fb16806e18ebe8b6fad079ca675a32cd
manuscript/tables/v34/supplement_auditability_closure.tex,908,dfa8fb7076daf4d4b61ac0ceb3759d5ea7acc58a8e7364f9498e34ff9a2c02f6
manuscript/tables/v34/supplement_branch_supervision.tex,849,a495239b46bda1e8d2dd8c2f1911fe8af8756232ed260951c9537a7791d236f6
manuscript/tables/v34/supplement_light_chain_feature_audit.tex,317,ef2ec6a0aa03a6f2a587f8de6feb76e3bdc809c43a5c2e9328925a5f757ccdce
manuscript/tables/v34/table2_large_baseline_matrix_2026-07-27.csv,8374,e20bd49599a75a8d3a53e8b6e0454e0f8ffecba9fc13861ee4505252b228bb7f
manuscript/tables/v34/table2_large_baseline_matrix_2026-07-28.csv,16135,4b6d4ea8cb66ec304c44712dffdfb1741693542bf01b160b85e70bf46ce208a1
manuscript/tables/v35/supplement_computational_cost.tex,521,bb8dcd0d5a2b3f45c2aa3404c6ed9dce35b930dca31d4ef76ec63210d9a93670
manuscript/tables/v36/supplement_margin_correctness.tex,704,843fc763f1c38090ddc5b3ed16da8f03834319331124c3fe6d16405fd48b7e59
manuscript/tables/v37/strong_ml_expanded_baselines_2026-07-29.csv,2666,c173bb75333a55546b845d25ed3118915bf02076a3564abde3f09ec50145101e
manuscript/tables/v37/strong_ml_expanded_baselines_2026-08-03.csv,2714,0aff1adb6c7b6714c3e456ec85c59c6f7469831bd92f409532722b1407270a93
manuscript/tables/v37/supplement_strong_ml_expanded_baselines.tex,1874,6a93e4893a04f2df7895b18604f47cf03b56bf8721f41cee116d5b7eb7283b48
manuscript/tables/v43/supplement_mosaic_vs_xgboost_paired.tex,440,07d988ddd7174e44911e5fd340f2675267094281f90312cc455557a56ddb4bc2
manuscript/tables/v44/supplement_nokd_vs_mlp_paired.tex,396,bbb97d9f4be134890672b1b0a0267a62fd574cd54707480d8894d02b9b7a064b
manuscript/tables/v45/supplement_continuous_branch_audit.tex,4215,75be0a24c87a346cf7bb73ac47cdc7f880827e5a588664fb20fb957b839c8a75
manuscript/tables/v45/supplement_unknown_reject_decomposition.tex,1035,89bed19f0e063bb74a9f78a9cd55457dec9fed4b902fd0281da9b7f1d5c009e4
manuscript/tables/v46/supplement_combined_branch_audit.tex,2414,7d2ea58e1f858fcbc0614f9f3c7910bc35bf74823be96b374069994212eec7fe
manuscript/tables/v49/main_audit_record_schema.tex,752,6a05813db53b6de0de8b03b6f1c1f59240ad132ba8bf60a5b84e80fbc8eec463
manuscript/tables/v49/supplement_macro_precision_recall.tex,445,b5ae410cded404b4d62a6e37febf7bfad62fe04be0388841accd1c6f0628613a
manuscript/tables/v50/main_audit_record_schema.tex,2661,579109bde233899b7e71a610f4182095e35069808df2c86ee405d111c3f68c87
manuscript/tables/v50/main_cross_dataset_performance.tex,1474,0bff7517a6dc0282adaee8a2cf836157ec5a64a9d7e08174b0483f96e4879f62
manuscript/tables/v50/main_donor_performance.tex,923,d014bacf77b62073d74667569cce340c19b82cf0d7fe8eeaf3182b46d87e341c
manuscript/tables/v50/main_primary_performance.tex,1417,6323adfc0dc552feddd6f0c4c6f1f9ebe6dccb79a350f235b07011ee6ec4f912
manuscript/tables/v50/supplement_donor_performance.tex,3308,83b4f9dfbaa67a86635e797d1f0faff37bbb4bacd30da05234a35a27a95d6717
manuscript/tables/v50/supplement_macro_precision_recall.tex,456,76a0ec59ef212e2c3fc127a7e20d943446c94d493b531dc1e9ffabdb36a953d2
manuscript/tables/v50/supplement_matched_mlp_paired.tex,539,eb3d0606ae857cd62ad4879dd9f01d70e711511bb50e2fb950304341ebe48c15
manuscript/tables/v50/supplement_nokd_vs_matched_mlp_paired.tex,500,0bdf8e541d62d9ae4e7c2df3e24f6485dd3e275b03499e871396b0983f54fda2
manuscript/tables/v50/supplement_preprocessing_sensitivity.tex,805,b0985b3750d4f1f20d8a57a094a69068ab2434d33c6f57317d1d0ce3c3cb1b5c
manuscript/tables/v50/supplement_published_fixed_split_baselines.tex,316,3855cb50528d18575b070e61d9d3740bdc7dc4e044a318006d82e35b13580b70
manuscript/tables/v7/supplement_marker_mechanism_audit.tex,6114,11302263458100091702861ef82c85019238f1bc294a5b3d4250331c3b26b330
manuscript/tables/v7/supplement_panel_aware_training.tex,1317,e11a83843d6763eca96ff8ceadddc6ed888c4c7d02aa8bd9502841bb20fce9ea
manuscript/tables/v7/supplement_rna_cp10k_sensitivity.tex,843,cb3881b8372bb1053842ba8d87a205679187ec4d4e09fc9b441f8314e5c39b24
manuscript/tables/v7/supplement_throughput.tex,237,b39b2308d5bea192afccee087c5fece9b71cb1849ecb347b74f34008a6c15b61
manuscript/tables/v82/supplement_v82_audit_closure.tex,1823,7edb23c4f57af978b0fd52dd81ce5f8842554629b93cc0b54b19f164b031a26e
metadata/AGENTS.md,1310,701ea9bc047c848c4e6f7598c6cb7b20f79abaf48f26ed64f14a7c294c1e58c4
requirements.txt,401,fc7b740513147d07721b4e57214cd1509732a25ee84a3c215b2c0d2429d897cb
testdata/experiments/reproducibility/testdata/README.md,395,875d9608b310662b74f7d892b77b907c8f9ce08daed9e35d61c2dfd9cc210028
testdata/experiments/reproducibility/testdata/v33_synthetic_smoke.csv,1263,2d33b0d25fe3018b43f2045dd8e7c46478543ba74625ed3040da42f0d42c1fea
