seed,class_label,support,base_f1,refined_f1,delta_f1
1,ASDC_mDC,4,0.8571428571428571,0.8571428571428571,0.0
1,ASDC_pDC,3,1.0,1.0,0.0
1,B intermediate kappa,102,0.8367346938775511,0.8367346938775511,0.0
1,B intermediate lambda,123,0.8148148148148149,0.8148148148148149,0.0
1,B memory kappa,189,0.8986301369863012,0.8986301369863012,0.0
1,B memory lambda,116,0.8333333333333333,0.8333333333333333,0.0
1,B naive kappa,450,0.9135254988913526,0.9135254988913526,0.0
1,B naive lambda,266,0.8555347091932457,0.8555347091932457,0.0
1,CD14 Mono,3958,0.9876106194690265,0.9876106194690265,0.0
1,CD16 Mono,586,0.9493243243243243,0.9493243243243243,0.0
1,CD4 CTL,161,0.9815950920245399,0.9815950920245399,0.0
1,CD4 Naive,1621,0.972239358420728,0.972239358420728,0.0
1,CD4 Proliferating,10,0.9,0.9,0.0
1,CD4 TCM_1,755,0.8485245901639343,0.8501971090670171,0.0016725189030827314
1,CD4 TCM_2,55,0.7192982456140351,0.7192982456140351,0.0
1,CD4 TCM_3,571,0.8730158730158729,0.874451273046532,0.0014354000306591175
1,CD4 TEM_1,158,0.8184615384615385,0.8213166144200628,0.0028550759585243
1,CD4 TEM_2,42,0.7341772151898734,0.7435897435897436,0.009412528399870168
1,CD4 TEM_3,190,0.7877094972067039,0.7933884297520661,0.005678932545362225
1,CD4 TEM_4,7,0.4444444444444444,0.4444444444444444,0.0
1,CD8 Naive,972,0.9775280898876405,0.9780500255232262,0.0005219356355856686
1,CD8 Naive_2,27,0.5833333333333334,0.6122448979591836,0.028911564625850206
1,CD8 Proliferating,8,0.6666666666666666,0.6666666666666666,0.0
1,CD8 TCM_1,86,0.6878980891719745,0.7000000000000001,0.012101910828025586
1,CD8 TCM_2,123,0.8437499999999999,0.8470588235294119,0.003308823529411975
1,CD8 TCM_3,59,0.8480000000000001,0.8480000000000001,0.0
1,CD8 TEM_1,258,0.8970873786407767,0.8988326848249028,0.0017453061841260498
1,CD8 TEM_2,226,0.8119266055045871,0.8119266055045871,0.0
1,CD8 TEM_3,36,0.676470588235294,0.6666666666666666,-0.009803921568627416
1,CD8 TEM_4,325,0.8550512445095169,0.8563049853372434,0.0012537408277265571
1,CD8 TEM_5,183,0.8635097493036212,0.8635097493036212,0.0
1,CD8 TEM_6,59,0.8925619834710744,0.8925619834710744,0.0
1,Doublet,56,0.7346938775510204,0.7346938775510204,0.0
1,Eryth,8,0.8421052631578948,0.8421052631578948,0.0
1,HSPC,30,1.0,1.0,0.0
1,ILC,12,0.923076923076923,0.923076923076923,0.0
1,MAIT,258,0.9846153846153846,0.9846153846153846,0.0
1,NK Proliferating,51,0.8958333333333333,0.8958333333333333,0.0
1,NK_1,383,0.861072902338377,0.861072902338377,0.0
1,NK_2,873,0.9149171270718233,0.9149171270718233,0.0
1,NK_3,200,0.6702412868632708,0.6702412868632708,0.0
1,NK_4,137,0.7446808510638298,0.7446808510638298,0.0
1,NK_CD56bright,87,0.9364161849710984,0.9364161849710984,0.0
1,Plasma,30,0.90625,0.90625,0.0
1,Plasmablast,5,0.5714285714285715,0.5714285714285715,0.0
1,Platelet,213,0.9620853080568721,0.9620853080568721,0.0
1,Treg Memory,112,0.7547169811320756,0.7547169811320756,0.0
1,Treg Naive,120,0.7791164658634538,0.7791164658634538,0.0
1,cDC1,14,1.0,1.0,0.0
1,cDC2_1,72,0.7272727272727272,0.7272727272727272,0.0
1,cDC2_2,160,0.95679012345679,0.95679012345679,0.0
1,dnT_1,18,0.7272727272727272,0.7272727272727272,0.0
1,dnT_2,15,0.9655172413793104,0.9655172413793104,0.0
1,gdT_1,151,0.9801324503311258,0.9801324503311258,0.0
1,gdT_2,71,0.906474820143885,0.906474820143885,0.0
1,gdT_3,67,0.9402985074626865,0.9402985074626865,0.0
1,gdT_4,48,0.7999999999999999,0.7999999999999999,0.0
1,pDC,80,1.0,1.0,0.0
2,ASDC_mDC,4,0.8571428571428571,0.8571428571428571,0.0
2,ASDC_pDC,3,1.0,1.0,0.0
2,B intermediate kappa,102,0.8365384615384616,0.8365384615384616,0.0
2,B intermediate lambda,123,0.7927927927927928,0.7927927927927928,0.0
2,B memory kappa,189,0.9115281501340483,0.9115281501340483,0.0
2,B memory lambda,116,0.8605577689243028,0.8605577689243028,0.0
2,B naive kappa,450,0.9090909090909091,0.9090909090909091,0.0
2,B naive lambda,266,0.8473282442748092,0.8473282442748092,0.0
2,CD14 Mono,3958,0.986740750094709,0.986740750094709,0.0
2,CD16 Mono,586,0.9482612383375741,0.9482612383375741,0.0
2,CD4 CTL,161,0.9754601226993865,0.9754601226993865,0.0
2,CD4 Naive,1621,0.9713228492136909,0.9713228492136909,0.0
2,CD4 Proliferating,10,0.8421052631578948,0.8421052631578948,0.0
2,CD4 TCM_1,755,0.852772466539197,0.8532991672005126,0.0005267006613155489
2,CD4 TCM_2,55,0.7238095238095238,0.7238095238095238,0.0
2,CD4 TCM_3,571,0.8772241992882563,0.8773168578993821,9.265861112572882e-05
2,CD4 TEM_1,158,0.8145695364238411,0.8120805369127516,-0.002488999511089496
2,CD4 TEM_2,42,0.7160493827160495,0.7160493827160495,0.0
2,CD4 TEM_3,190,0.7905759162303665,0.7896103896103895,-0.000965526619976953
2,CD4 TEM_4,7,0.2857142857142857,0.2857142857142857,0.0
2,CD8 Naive,972,0.9780275932549822,0.9780724120346762,4.481877969397807e-05
2,CD8 Naive_2,27,0.6222222222222222,0.6222222222222222,0.0
2,CD8 Proliferating,8,0.7777777777777777,0.7777777777777777,0.0
2,CD8 TCM_1,86,0.6904761904761904,0.6900584795321637,-0.0004177109440266502
2,CD8 TCM_2,123,0.8515625,0.8650793650793651,0.013516865079365115
2,CD8 TCM_3,59,0.8480000000000001,0.8480000000000001,0.0
2,CD8 TEM_1,258,0.9047619047619047,0.9025844930417495,-0.0021774117201551757
2,CD8 TEM_2,226,0.8214285714285715,0.8214285714285715,0.0
2,CD8 TEM_3,36,0.6461538461538462,0.6461538461538462,0.0
2,CD8 TEM_4,325,0.8411764705882353,0.8411764705882353,0.0
2,CD8 TEM_5,183,0.8424068767908309,0.8424068767908309,0.0
2,CD8 TEM_6,59,0.9193548387096773,0.9193548387096773,0.0
2,Doublet,56,0.6956521739130435,0.6956521739130435,0.0
2,Eryth,8,0.7777777777777777,0.7777777777777777,0.0
2,HSPC,30,1.0,1.0,0.0
2,ILC,12,0.9600000000000001,0.9600000000000001,0.0
2,MAIT,258,0.9903288201160542,0.9903288201160542,0.0
2,NK Proliferating,51,0.8958333333333333,0.8958333333333333,0.0
2,NK_1,383,0.8516129032258064,0.8516129032258064,0.0
2,NK_2,873,0.9154616240266963,0.9154616240266963,0.0
2,NK_3,200,0.6532951289398281,0.6532951289398281,0.0
2,NK_4,137,0.7415730337078651,0.7415730337078651,0.0
2,NK_CD56bright,87,0.9310344827586207,0.9310344827586207,0.0
2,Plasma,30,0.9523809523809523,0.9523809523809523,0.0
2,Plasmablast,5,0.888888888888889,0.888888888888889,0.0
2,Platelet,213,0.9619047619047619,0.9619047619047619,0.0
2,Treg Memory,112,0.75,0.75,0.0
2,Treg Naive,120,0.775,0.775,0.0
2,cDC1,14,1.0,1.0,0.0
2,cDC2_1,72,0.7297297297297298,0.7297297297297298,0.0
2,cDC2_2,160,0.9470404984423676,0.9470404984423676,0.0
2,dnT_1,18,0.6285714285714287,0.606060606060606,-0.022510822510822703
2,dnT_2,15,0.9655172413793104,0.9655172413793104,0.0
2,gdT_1,151,0.9834983498349835,0.9834983498349835,0.0
2,gdT_2,71,0.9361702127659575,0.9361702127659575,0.0
2,gdT_3,67,0.962962962962963,0.962962962962963,0.0
2,gdT_4,48,0.8351648351648352,0.8351648351648352,0.0
2,pDC,80,1.0,1.0,0.0
3,ASDC_mDC,4,0.8571428571428571,0.8571428571428571,0.0
3,ASDC_pDC,3,1.0,1.0,0.0
3,B intermediate kappa,102,0.8285714285714286,0.8285714285714286,0.0
3,B intermediate lambda,123,0.787037037037037,0.787037037037037,0.0
3,B memory kappa,189,0.8983957219251336,0.8983957219251336,0.0
3,B memory lambda,116,0.8650793650793651,0.8650793650793651,0.0
3,B naive kappa,450,0.9128996692392504,0.9128996692392504,0.0
3,B naive lambda,266,0.8485981308411215,0.8485981308411215,0.0
3,CD14 Mono,3958,0.9875886524822695,0.9875886524822695,0.0
3,CD16 Mono,586,0.9442131557035804,0.9442131557035804,0.0
3,CD4 CTL,161,0.9846153846153846,0.9846153846153846,0.0
3,CD4 Naive,1621,0.9720086127345432,0.9720086127345432,0.0
3,CD4 Proliferating,10,0.9,0.9,0.0
3,CD4 TCM_1,755,0.8532991672005126,0.8536585365853657,0.0003593693848531476
3,CD4 TCM_2,55,0.737864077669903,0.737864077669903,0.0
3,CD4 TCM_3,571,0.8677536231884059,0.8664259927797834,-0.0013276304086224933
3,CD4 TEM_1,158,0.8492307692307692,0.8598130841121495,0.010582314881380284
3,CD4 TEM_2,42,0.7142857142857143,0.7142857142857143,0.0
3,CD4 TEM_3,190,0.7740259740259741,0.7814910025706941,0.007465028544720087
3,CD4 TEM_4,7,0.2,0.2,0.0
3,CD8 Naive,972,0.9785714285714286,0.9785932721712538,2.184359982515538e-05
3,CD8 Naive_2,27,0.6222222222222222,0.5777777777777777,-0.04444444444444451
3,CD8 Proliferating,8,0.7777777777777777,0.7777777777777777,0.0
3,CD8 TCM_1,86,0.759493670886076,0.7749999999999999,0.015506329113923911
3,CD8 TCM_2,123,0.8492063492063492,0.852589641434263,0.003383292227913781
3,CD8 TCM_3,59,0.8617886178861789,0.8617886178861789,0.0
3,CD8 TEM_1,258,0.8952380952380953,0.8986615678776291,0.0034234726395337978
3,CD8 TEM_2,226,0.8065268065268065,0.8065268065268065,0.0
3,CD8 TEM_3,36,0.7042253521126761,0.7142857142857144,0.010060362173038295
3,CD8 TEM_4,325,0.8550512445095169,0.8533724340175952,-0.0016788104919216451
3,CD8 TEM_5,183,0.8531073446327684,0.8531073446327684,0.0
3,CD8 TEM_6,59,0.9090909090909092,0.9090909090909092,0.0
3,Doublet,56,0.6804123711340206,0.6804123711340206,0.0
3,Eryth,8,0.8421052631578948,0.8421052631578948,0.0
3,HSPC,30,1.0,1.0,0.0
3,ILC,12,1.0,1.0,0.0
3,MAIT,258,0.9961240310077519,0.9961240310077519,0.0
3,NK Proliferating,51,0.8865979381443299,0.8865979381443299,0.0
3,NK_1,383,0.8624338624338623,0.8624338624338623,0.0
3,NK_2,873,0.9114495205865765,0.9114495205865765,0.0
3,NK_3,200,0.6631853785900783,0.6631853785900783,0.0
3,NK_4,137,0.7232472324723248,0.7232472324723248,0.0
3,NK_CD56bright,87,0.9333333333333333,0.9333333333333333,0.0
3,Plasma,30,0.9508196721311476,0.9508196721311476,0.0
3,Plasmablast,5,1.0,1.0,0.0
3,Platelet,213,0.9666666666666667,0.9666666666666667,0.0
3,Treg Memory,112,0.7981220657276994,0.7981220657276994,0.0
3,Treg Naive,120,0.7719298245614035,0.7719298245614035,0.0
3,cDC1,14,1.0,1.0,0.0
3,cDC2_1,72,0.7552447552447553,0.7552447552447553,0.0
3,cDC2_2,160,0.9532710280373832,0.9532710280373832,0.0
3,dnT_1,18,0.7096774193548387,0.7096774193548387,0.0
3,dnT_2,15,1.0,1.0,0.0
3,gdT_1,151,0.9834983498349835,0.9834983498349835,0.0
3,gdT_2,71,0.9130434782608696,0.9130434782608696,0.0
3,gdT_3,67,0.962962962962963,0.962962962962963,0.0
3,gdT_4,48,0.8260869565217391,0.8260869565217391,0.0
3,pDC,80,1.0,1.0,0.0
4,ASDC_mDC,4,0.75,0.75,0.0
4,ASDC_pDC,3,0.8,0.8,0.0
4,B intermediate kappa,102,0.8173076923076923,0.8173076923076923,0.0
4,B intermediate lambda,123,0.8193832599118943,0.8193832599118943,0.0
4,B memory kappa,189,0.9153439153439153,0.9153439153439153,0.0
4,B memory lambda,116,0.8755020080321285,0.8755020080321285,0.0
4,B naive kappa,450,0.9128996692392504,0.9128996692392504,0.0
4,B naive lambda,266,0.8549618320610687,0.8549618320610687,0.0
4,CD14 Mono,3958,0.9876106194690265,0.9876106194690265,0.0
4,CD16 Mono,586,0.9543918918918919,0.9543918918918919,0.0
4,CD4 CTL,161,0.9724770642201834,0.9724770642201834,0.0
4,CD4 Naive,1621,0.9722564734895192,0.9722564734895192,0.0
4,CD4 Proliferating,10,0.8421052631578948,0.8421052631578948,0.0
4,CD4 TCM_1,755,0.8615984405458089,0.8612377850162866,-0.0003606555295223579
4,CD4 TCM_2,55,0.7358490566037736,0.7358490566037736,0.0
4,CD4 TCM_3,571,0.8785211267605634,0.8774080560420315,-0.001113070718531839
4,CD4 TEM_1,158,0.8333333333333334,0.8359133126934984,0.0025799793601650745
4,CD4 TEM_2,42,0.7027027027027026,0.7027027027027026,0.0
4,CD4 TEM_3,190,0.8085106382978724,0.8106666666666666,0.0021560283687942494
4,CD4 TEM_4,7,0.0,0.0,0.0
4,CD8 Naive,972,0.9790495656617272,0.9780724120346762,-0.000977153627050975
4,CD8 Naive_2,27,0.6521739130434783,0.6666666666666666,0.01449275362318836
4,CD8 Proliferating,8,0.625,0.5333333333333333,-0.09166666666666667
4,CD8 TCM_1,86,0.7441860465116278,0.7398843930635838,-0.004301653448044007
4,CD8 TCM_2,123,0.8372093023255814,0.8404669260700388,0.003257623744457372
4,CD8 TCM_3,59,0.864406779661017,0.8547008547008546,-0.009705924960162426
4,CD8 TEM_1,258,0.8988326848249028,0.8966861598440545,-0.002146524980848219
4,CD8 TEM_2,226,0.812933025404157,0.812933025404157,0.0
4,CD8 TEM_3,36,0.676470588235294,0.676470588235294,0.0
4,CD8 TEM_4,325,0.8343023255813954,0.8355167394468704,0.0012144138654750503
4,CD8 TEM_5,183,0.8289855072463768,0.8289855072463768,0.0
4,CD8 TEM_6,59,0.9193548387096773,0.9193548387096773,0.0
4,Doublet,56,0.6947368421052632,0.6947368421052632,0.0
4,Eryth,8,0.8421052631578948,0.8421052631578948,0.0
4,HSPC,30,0.983050847457627,0.983050847457627,0.0
4,ILC,12,0.923076923076923,0.923076923076923,0.0
4,MAIT,258,0.9941972920696325,0.9941972920696325,0.0
4,NK Proliferating,51,0.8842105263157896,0.8842105263157896,0.0
4,NK_1,383,0.8617021276595744,0.8617021276595744,0.0
4,NK_2,873,0.9140624999999999,0.9140624999999999,0.0
4,NK_3,200,0.6123595505617977,0.6123595505617977,0.0
4,NK_4,137,0.723404255319149,0.723404255319149,0.0
4,NK_CD56bright,87,0.8961748633879782,0.8961748633879782,0.0
4,Plasma,30,0.9375,0.9375,0.0
4,Plasmablast,5,0.7499999999999999,0.7499999999999999,0.0
4,Platelet,213,0.9642004773269691,0.9642004773269691,0.0
4,Treg Memory,112,0.7692307692307692,0.7692307692307692,0.0
4,Treg Naive,120,0.7755102040816326,0.7755102040816326,0.0
4,cDC1,14,1.0,1.0,0.0
4,cDC2_1,72,0.7105263157894738,0.7105263157894738,0.0
4,cDC2_2,160,0.9404388714733543,0.9404388714733543,0.0
4,dnT_1,18,0.6,0.6206896551724137,0.020689655172413723
4,dnT_2,15,0.9655172413793104,0.9655172413793104,0.0
4,gdT_1,151,0.976897689768977,0.976897689768977,0.0
4,gdT_2,71,0.906474820143885,0.906474820143885,0.0
4,gdT_3,67,0.9558823529411764,0.9481481481481482,-0.007734204793028221
4,gdT_4,48,0.8351648351648352,0.8351648351648352,0.0
4,pDC,80,1.0,1.0,0.0
5,ASDC_mDC,4,0.8571428571428571,0.8571428571428571,0.0
5,ASDC_pDC,3,1.0,1.0,0.0
5,B intermediate kappa,102,0.8285714285714286,0.8285714285714286,0.0
5,B intermediate lambda,123,0.8311688311688312,0.8311688311688312,0.0
5,B memory kappa,189,0.8983957219251336,0.8983957219251336,0.0
5,B memory lambda,116,0.8688524590163935,0.8688524590163935,0.0
5,B naive kappa,450,0.9101123595505618,0.9101123595505618,0.0
5,B naive lambda,266,0.8560885608856088,0.8560885608856088,0.0
5,CD14 Mono,3958,0.9876137512639029,0.9876137512639029,0.0
5,CD16 Mono,586,0.9517358171041489,0.9517358171041489,0.0
5,CD4 CTL,161,0.9784615384615385,0.9784615384615385,0.0
5,CD4 Naive,1621,0.9711479435236342,0.9714461160577218,0.0002981725340875929
5,CD4 Proliferating,10,0.9,0.9,0.0
5,CD4 TCM_1,755,0.849802371541502,0.8492063492063491,-0.0005960223351528793
5,CD4 TCM_2,55,0.7346938775510204,0.7346938775510204,0.0
5,CD4 TCM_3,571,0.88,0.8794449262792715,-0.0005550737207284939
5,CD4 TEM_1,158,0.8431372549019609,0.8431372549019609,0.0
5,CD4 TEM_2,42,0.717948717948718,0.717948717948718,0.0
5,CD4 TEM_3,190,0.8062015503875969,0.80306905370844,-0.0031324966791569375
5,CD4 TEM_4,7,0.0,0.0,0.0
5,CD8 Naive,972,0.9769820971867008,0.977005620848237,2.352366153623997e-05
5,CD8 Naive_2,27,0.6086956521739131,0.6086956521739131,0.0
5,CD8 Proliferating,8,0.5333333333333333,0.5333333333333333,0.0
5,CD8 TCM_1,86,0.7577639751552795,0.7530864197530864,-0.0046775554021930565
5,CD8 TCM_2,123,0.8494208494208495,0.8560311284046692,0.006610278983819717
5,CD8 TCM_3,59,0.8524590163934426,0.8524590163934426,0.0
5,CD8 TEM_1,258,0.9111969111969112,0.909090909090909,-0.0021060021060022027
5,CD8 TEM_2,226,0.8395604395604396,0.8395604395604396,0.0
5,CD8 TEM_3,36,0.6774193548387097,0.6774193548387097,0.0
5,CD8 TEM_4,325,0.8562783661119514,0.8562783661119514,0.0
5,CD8 TEM_5,183,0.861878453038674,0.861878453038674,0.0
5,CD8 TEM_6,59,0.8907563025210085,0.8907563025210085,0.0
5,Doublet,56,0.6956521739130435,0.6956521739130435,0.0
5,Eryth,8,0.8421052631578948,0.8421052631578948,0.0
5,HSPC,30,1.0,1.0,0.0
5,ILC,12,0.923076923076923,0.923076923076923,0.0
5,MAIT,258,0.9903288201160542,0.9903288201160542,0.0
5,NK Proliferating,51,0.8958333333333333,0.8958333333333333,0.0
5,NK_1,383,0.8533333333333333,0.8533333333333333,0.0
5,NK_2,873,0.9092945128779395,0.9092945128779395,0.0
5,NK_3,200,0.6181818181818182,0.6181818181818182,0.0
5,NK_4,137,0.72992700729927,0.72992700729927,0.0
5,NK_CD56bright,87,0.941860465116279,0.941860465116279,0.0
5,Plasma,30,0.9206349206349207,0.9206349206349207,0.0
5,Plasmablast,5,0.7499999999999999,0.7499999999999999,0.0
5,Platelet,213,0.9619047619047619,0.9619047619047619,0.0
5,Treg Memory,112,0.766355140186916,0.766355140186916,0.0
5,Treg Naive,120,0.7704918032786884,0.7704918032786884,0.0
5,cDC1,14,1.0,1.0,0.0
5,cDC2_1,72,0.7284768211920529,0.7284768211920529,0.0
5,cDC2_2,160,0.9538461538461539,0.9538461538461539,0.0
5,dnT_1,18,0.6451612903225806,0.6451612903225806,0.0
5,dnT_2,15,1.0,1.0,0.0
5,gdT_1,151,0.9801324503311258,0.9801324503311258,0.0
5,gdT_2,71,0.9154929577464789,0.9154929577464789,0.0
5,gdT_3,67,0.9411764705882353,0.9411764705882353,0.0
5,gdT_4,48,0.8181818181818182,0.8181818181818182,0.0
5,pDC,80,0.9937106918238994,0.9937106918238994,0.0
6,ASDC_mDC,4,0.75,0.75,0.0
6,ASDC_pDC,3,0.8,0.8,0.0
6,B intermediate kappa,102,0.8282828282828283,0.8282828282828283,0.0
6,B intermediate lambda,123,0.8135593220338984,0.8135593220338984,0.0
6,B memory kappa,189,0.8935064935064934,0.8935064935064934,0.0
6,B memory lambda,116,0.8571428571428572,0.8571428571428572,0.0
6,B naive kappa,450,0.9135254988913526,0.9135254988913526,0.0
6,B naive lambda,266,0.848030018761726,0.848030018761726,0.0
6,CD14 Mono,3958,0.9883867710174198,0.9883867710174198,0.0
6,CD16 Mono,586,0.9540034071550255,0.9540034071550255,0.0
6,CD4 CTL,161,0.9785932721712538,0.9785932721712538,0.0
6,CD4 Naive,1621,0.9710412815773258,0.9710412815773258,0.0
6,CD4 Proliferating,10,0.9,0.9,0.0
6,CD4 TCM_1,755,0.8477257745550428,0.8486450760079314,0.0009193014528885435
6,CD4 TCM_2,55,0.7090909090909091,0.7155963302752293,0.0065054211843201815
6,CD4 TCM_3,571,0.8822495606326889,0.8823016564952049,5.209586251597731e-05
6,CD4 TEM_1,158,0.8395061728395061,0.8374999999999999,-0.002006172839506215
6,CD4 TEM_2,42,0.725,0.725,0.0
6,CD4 TEM_3,190,0.8115183246073299,0.8093994778067886,-0.0021188468005413075
6,CD4 TEM_4,7,0.18181818181818182,0.2,0.018181818181818188
6,CD8 Naive,972,0.9770525242223356,0.9770525242223356,0.0
6,CD8 Naive_2,27,0.5581395348837209,0.5909090909090909,0.03276955602537002
6,CD8 Proliferating,8,0.625,0.6666666666666666,0.04166666666666663
6,CD8 TCM_1,86,0.7457627118644067,0.7391304347826086,-0.0066322770817980325
6,CD8 TCM_2,123,0.8326848249027238,0.8267716535433071,-0.0059131713594167135
6,CD8 TCM_3,59,0.8771929824561402,0.8828828828828829,0.005689900426742667
6,CD8 TEM_1,258,0.9027237354085603,0.9005847953216374,-0.002138940086922947
6,CD8 TEM_2,226,0.8193832599118943,0.8193832599118943,0.0
6,CD8 TEM_3,36,0.6666666666666666,0.6666666666666666,0.0
6,CD8 TEM_4,325,0.8446455505279035,0.8446455505279035,0.0
6,CD8 TEM_5,183,0.8531073446327684,0.8531073446327684,0.0
6,CD8 TEM_6,59,0.9016393442622951,0.9016393442622951,0.0
6,Doublet,56,0.717391304347826,0.717391304347826,0.0
6,Eryth,8,0.8,0.8,0.0
6,HSPC,30,1.0,1.0,0.0
6,ILC,12,0.9600000000000001,0.9600000000000001,0.0
6,MAIT,258,0.9961389961389961,0.9961389961389961,0.0
6,NK Proliferating,51,0.9072164948453608,0.9072164948453608,0.0
6,NK_1,383,0.8711819389110226,0.8711819389110226,0.0
6,NK_2,873,0.9144144144144145,0.9144144144144145,0.0
6,NK_3,200,0.6415094339622642,0.6415094339622642,0.0
6,NK_4,137,0.7083333333333334,0.7083333333333334,0.0
6,NK_CD56bright,87,0.9310344827586207,0.9310344827586207,0.0
6,Plasma,30,0.9375,0.9375,0.0
6,Plasmablast,5,0.7499999999999999,0.7499999999999999,0.0
6,Platelet,213,0.9643705463182898,0.9643705463182898,0.0
6,Treg Memory,112,0.7015706806282722,0.7015706806282722,0.0
6,Treg Naive,120,0.7722007722007722,0.7722007722007722,0.0
6,cDC1,14,1.0,1.0,0.0
6,cDC2_1,72,0.7382550335570469,0.7382550335570469,0.0
6,cDC2_2,160,0.9503105590062112,0.9503105590062112,0.0
6,dnT_1,18,0.6875000000000001,0.6875000000000001,0.0
6,dnT_2,15,0.9333333333333333,0.9333333333333333,0.0
6,gdT_1,151,0.9834983498349835,0.9834983498349835,0.0
6,gdT_2,71,0.906474820143885,0.906474820143885,0.0
6,gdT_3,67,0.9473684210526316,0.9473684210526316,0.0
6,gdT_4,48,0.8351648351648352,0.8351648351648352,0.0
6,pDC,80,0.9937106918238994,0.9937106918238994,0.0
7,ASDC_mDC,4,0.75,0.75,0.0
7,ASDC_pDC,3,0.8,0.8,0.0
7,B intermediate kappa,102,0.8585365853658536,0.8585365853658536,0.0
7,B intermediate lambda,123,0.8471615720524018,0.8471615720524018,0.0
7,B memory kappa,189,0.9133858267716536,0.9133858267716536,0.0
7,B memory lambda,116,0.8677685950413223,0.8677685950413223,0.0
7,B naive kappa,450,0.9210810810810811,0.9210810810810811,0.0
7,B naive lambda,266,0.8470588235294118,0.8470588235294118,0.0
7,CD14 Mono,3958,0.9881313131313132,0.9881313131313132,0.0
7,CD16 Mono,586,0.9500423370025403,0.9500423370025403,0.0
7,CD4 CTL,161,0.9753086419753085,0.9753086419753085,0.0
7,CD4 Naive,1621,0.9673681000304971,0.9673681000304971,0.0
7,CD4 Proliferating,10,0.9,0.9,0.0
7,CD4 TCM_1,755,0.8415446071904127,0.8411214953271029,-0.00042311186330978856
7,CD4 TCM_2,55,0.7128712871287128,0.7128712871287128,0.0
7,CD4 TCM_3,571,0.881179531656548,0.8808290155440415,-0.00035051611250658254
7,CD4 TEM_1,158,0.8488745980707396,0.8403908794788273,-0.008483718591912326
7,CD4 TEM_2,42,0.7532467532467533,0.7532467532467533,0.0
7,CD4 TEM_3,190,0.7947368421052632,0.7937336814621411,-0.001003160643122114
7,CD4 TEM_4,7,0.0,0.0,0.0
7,CD8 Naive,972,0.9795501022494888,0.9795501022494888,0.0
7,CD8 Naive_2,27,0.6086956521739131,0.6086956521739131,0.0
7,CD8 Proliferating,8,0.823529411764706,0.823529411764706,0.0
7,CD8 TCM_1,86,0.7169811320754716,0.7160493827160495,-0.0009317493594221959
7,CD8 TCM_2,123,0.8326848249027238,0.8326848249027238,0.0
7,CD8 TCM_3,59,0.873015873015873,0.870967741935484,-0.0020481310803890374
7,CD8 TEM_1,258,0.8994082840236686,0.8972332015810277,-0.0021750824426408633
7,CD8 TEM_2,226,0.8112798264642083,0.8112798264642083,0.0
7,CD8 TEM_3,36,0.7027027027027027,0.7027027027027027,0.0
7,CD8 TEM_4,325,0.8382126348228043,0.8382126348228043,0.0
7,CD8 TEM_5,183,0.8664850136239781,0.8664850136239781,0.0
7,CD8 TEM_6,59,0.903225806451613,0.903225806451613,0.0
7,Doublet,56,0.6956521739130435,0.6956521739130435,0.0
7,Eryth,8,0.7777777777777777,0.7777777777777777,0.0
7,HSPC,30,1.0,1.0,0.0
7,ILC,12,0.923076923076923,0.923076923076923,0.0
7,MAIT,258,0.9865125240847785,0.9865125240847785,0.0
7,NK Proliferating,51,0.8958333333333333,0.8958333333333333,0.0
7,NK_1,383,0.8585987261146497,0.8585987261146497,0.0
7,NK_2,873,0.9102416570771001,0.9102416570771001,0.0
7,NK_3,200,0.6466165413533834,0.6466165413533834,0.0
7,NK_4,137,0.7142857142857142,0.7142857142857142,0.0
7,NK_CD56bright,87,0.9142857142857144,0.9142857142857144,0.0
7,Plasma,30,0.9375,0.9375,0.0
7,Plasmablast,5,0.7499999999999999,0.7499999999999999,0.0
7,Platelet,213,0.9619047619047619,0.9619047619047619,0.0
7,Treg Memory,112,0.7549019607843138,0.7549019607843138,0.0
7,Treg Naive,120,0.7755102040816326,0.7755102040816326,0.0
7,cDC1,14,0.962962962962963,0.962962962962963,0.0
7,cDC2_1,72,0.7586206896551725,0.7586206896551725,0.0
7,cDC2_2,160,0.9473684210526315,0.9473684210526315,0.0
7,dnT_1,18,0.6666666666666667,0.6666666666666667,0.0
7,dnT_2,15,0.967741935483871,0.967741935483871,0.0
7,gdT_1,151,0.9834983498349835,0.9834983498349835,0.0
7,gdT_2,71,0.920863309352518,0.920863309352518,0.0
7,gdT_3,67,0.9473684210526316,0.9473684210526316,0.0
7,gdT_4,48,0.8222222222222222,0.8222222222222222,0.0
7,pDC,80,1.0,1.0,0.0
8,ASDC_mDC,4,0.8571428571428571,0.8571428571428571,0.0
8,ASDC_pDC,3,1.0,1.0,0.0
8,B intermediate kappa,102,0.8514851485148515,0.8514851485148515,0.0
8,B intermediate lambda,123,0.811965811965812,0.811965811965812,0.0
8,B memory kappa,189,0.8958333333333333,0.8958333333333333,0.0
8,B memory lambda,116,0.8429752066115702,0.8429752066115702,0.0
8,B naive kappa,450,0.9163952225841476,0.9163952225841476,0.0
8,B naive lambda,266,0.8509803921568626,0.8509803921568626,0.0
8,CD14 Mono,3958,0.9872232764073371,0.9872232764073371,0.0
8,CD16 Mono,586,0.9501267962806424,0.9501267962806424,0.0
8,CD4 CTL,161,0.9753086419753085,0.9753086419753085,0.0
8,CD4 Naive,1621,0.9697156983930779,0.9697156983930779,0.0
8,CD4 Proliferating,10,0.9,0.9,0.0
8,CD4 TCM_1,755,0.8461051298290057,0.8486005089058524,0.0024953790768467154
8,CD4 TCM_2,55,0.7010309278350516,0.7010309278350516,0.0
8,CD4 TCM_3,571,0.8729874776386405,0.8734402852049911,0.00045280756635057706
8,CD4 TEM_1,158,0.8447204968944099,0.8401253918495297,-0.004595105044880143
8,CD4 TEM_2,42,0.7733333333333333,0.7733333333333333,0.0
8,CD4 TEM_3,190,0.8041775456919059,0.8020565552699228,-0.0021209904219831044
8,CD4 TEM_4,7,0.3333333333333333,0.3333333333333333,0.0
8,CD8 Naive,972,0.9785495403472931,0.9785495403472931,0.0
8,CD8 Naive_2,27,0.6046511627906976,0.6046511627906976,0.0
8,CD8 Proliferating,8,0.75,0.75,0.0
8,CD8 TCM_1,86,0.7455621301775147,0.7441860465116278,-0.001376083665886929
8,CD8 TCM_2,123,0.8514056224899598,0.8548387096774194,0.0034330871874596047
8,CD8 TCM_3,59,0.8739495798319329,0.8717948717948718,-0.0021547080370610816
8,CD8 TEM_1,258,0.9045801526717557,0.9045801526717557,0.0
8,CD8 TEM_2,226,0.8136363636363637,0.8136363636363637,0.0
8,CD8 TEM_3,36,0.6666666666666666,0.6666666666666666,0.0
8,CD8 TEM_4,325,0.849478390461997,0.849478390461997,0.0
8,CD8 TEM_5,183,0.8555240793201133,0.8555240793201133,0.0
8,CD8 TEM_6,59,0.9105691056910569,0.9105691056910569,0.0
8,Doublet,56,0.6739130434782609,0.6739130434782609,0.0
8,Eryth,8,0.7777777777777777,0.7777777777777777,0.0
8,HSPC,30,1.0,1.0,0.0
8,ILC,12,0.9600000000000001,0.9600000000000001,0.0
8,MAIT,258,0.9941972920696325,0.9941972920696325,0.0
8,NK Proliferating,51,0.9052631578947369,0.9052631578947369,0.0
8,NK_1,383,0.8657894736842106,0.8657894736842106,0.0
8,NK_2,873,0.905875641756988,0.905875641756988,0.0
8,NK_3,200,0.6531645569620254,0.6531645569620254,0.0
8,NK_4,137,0.6886446886446886,0.6886446886446886,0.0
8,NK_CD56bright,87,0.908108108108108,0.908108108108108,0.0
8,Plasma,30,0.9206349206349207,0.9206349206349207,0.0
8,Plasmablast,5,0.7499999999999999,0.7499999999999999,0.0
8,Platelet,213,0.9643705463182898,0.9643705463182898,0.0
8,Treg Memory,112,0.7632850241545894,0.7632850241545894,0.0
8,Treg Naive,120,0.7796610169491527,0.7796610169491527,0.0
8,cDC1,14,0.962962962962963,0.962962962962963,0.0
8,cDC2_1,72,0.7239263803680981,0.7239263803680981,0.0
8,cDC2_2,160,0.9426751592356688,0.9426751592356688,0.0
8,dnT_1,18,0.6250000000000001,0.6250000000000001,0.0
8,dnT_2,15,1.0,1.0,0.0
8,gdT_1,151,0.9802631578947368,0.9802631578947368,0.0
8,gdT_2,71,0.906474820143885,0.906474820143885,0.0
8,gdT_3,67,0.9333333333333335,0.9333333333333335,0.0
8,gdT_4,48,0.8131868131868132,0.8131868131868132,0.0
8,pDC,80,1.0,1.0,0.0
9,ASDC_mDC,4,0.6666666666666665,0.6666666666666665,0.0
9,ASDC_pDC,3,0.5,0.5,0.0
9,B intermediate kappa,102,0.8461538461538461,0.8461538461538461,0.0
9,B intermediate lambda,123,0.8055555555555556,0.8055555555555556,0.0
9,B memory kappa,189,0.8976377952755906,0.8976377952755906,0.0
9,B memory lambda,116,0.852589641434263,0.852589641434263,0.0
9,B naive kappa,450,0.9125138427464009,0.9125138427464009,0.0
9,B naive lambda,266,0.8555347091932457,0.8555347091932457,0.0
9,CD14 Mono,3958,0.988369152970923,0.988369152970923,0.0
9,CD16 Mono,586,0.9544688026981452,0.9544688026981452,0.0
9,CD4 CTL,161,0.9847094801223241,0.9847094801223241,0.0
9,CD4 Naive,1621,0.9702545231524072,0.9702545231524072,0.0
9,CD4 Proliferating,10,0.8000000000000002,0.8421052631578948,0.042105263157894646
9,CD4 TCM_1,755,0.8536269430051813,0.8528645833333334,-0.0007623596718479009
9,CD4 TCM_2,55,0.6868686868686869,0.6868686868686869,0.0
9,CD4 TCM_3,571,0.8762243989314337,0.8770999115826702,0.0008755126512365319
9,CD4 TEM_1,158,0.8571428571428571,0.8626198083067093,0.005476951163852162
9,CD4 TEM_2,42,0.7500000000000001,0.7500000000000001,0.0
9,CD4 TEM_3,190,0.8062015503875969,0.8153846153846155,0.009183064997018597
9,CD4 TEM_4,7,0.2,0.2,0.0
9,CD8 Naive,972,0.976482617586912,0.975983648441492,-0.0004989691454200251
9,CD8 Naive_2,27,0.6086956521739131,0.6086956521739131,0.0
9,CD8 Proliferating,8,0.7058823529411765,0.7058823529411765,0.0
9,CD8 TCM_1,86,0.7225806451612903,0.7307692307692307,0.008188585607940446
9,CD8 TCM_2,123,0.8392156862745097,0.8392156862745097,0.0
9,CD8 TCM_3,59,0.8360655737704918,0.8429752066115702,0.0069096328410783725
9,CD8 TEM_1,258,0.8952380952380953,0.8952380952380953,0.0
9,CD8 TEM_2,226,0.834061135371179,0.834061135371179,0.0
9,CD8 TEM_3,36,0.6666666666666666,0.6666666666666666,0.0
9,CD8 TEM_4,325,0.8404423380726698,0.8404423380726698,0.0
9,CD8 TEM_5,183,0.8617021276595744,0.8617021276595744,0.0
9,CD8 TEM_6,59,0.9105691056910569,0.9105691056910569,0.0
9,Doublet,56,0.7474747474747474,0.7474747474747474,0.0
9,Eryth,8,0.7368421052631579,0.7368421052631579,0.0
9,HSPC,30,1.0,1.0,0.0
9,ILC,12,0.923076923076923,0.923076923076923,0.0
9,MAIT,258,0.9922779922779923,0.9922779922779923,0.0
9,NK Proliferating,51,0.8865979381443299,0.8865979381443299,0.0
9,NK_1,383,0.8711819389110226,0.8711819389110226,0.0
9,NK_2,873,0.913716814159292,0.913716814159292,0.0
9,NK_3,200,0.6868131868131868,0.6868131868131868,0.0
9,NK_4,137,0.7622641509433963,0.7622641509433963,0.0
9,NK_CD56bright,87,0.9204545454545454,0.9204545454545454,0.0
9,Plasma,30,0.9354838709677419,0.9354838709677419,0.0
9,Plasmablast,5,0.888888888888889,0.888888888888889,0.0
9,Platelet,213,0.9619047619047619,0.9619047619047619,0.0
9,Treg Memory,112,0.7549019607843138,0.7549019607843138,0.0
9,Treg Naive,120,0.7542372881355933,0.7542372881355933,0.0
9,cDC1,14,1.0,1.0,0.0
9,cDC2_1,72,0.7625899280575541,0.7625899280575541,0.0
9,cDC2_2,160,0.96,0.96,0.0
9,dnT_1,18,0.5454545454545454,0.5454545454545454,0.0
9,dnT_2,15,0.9655172413793104,0.9655172413793104,0.0
9,gdT_1,151,0.9801324503311258,0.9801324503311258,0.0
9,gdT_2,71,0.9285714285714286,0.9285714285714286,0.0
9,gdT_3,67,0.9411764705882353,0.9333333333333335,-0.007843137254901822
9,gdT_4,48,0.8444444444444444,0.8444444444444444,0.0
9,pDC,80,1.0,1.0,0.0
42,ASDC_mDC,4,0.75,0.75,0.0
42,ASDC_pDC,3,0.8,0.8,0.0
42,B intermediate kappa,102,0.7964601769911503,0.7964601769911503,0.0
42,B intermediate lambda,123,0.7818181818181819,0.7818181818181819,0.0
42,B memory kappa,189,0.8894736842105264,0.8894736842105264,0.0
42,B memory lambda,116,0.8416666666666667,0.8416666666666667,0.0
42,B naive kappa,450,0.9137168141592922,0.9137168141592922,0.0
42,B naive lambda,266,0.8582375478927203,0.8582375478927203,0.0
42,CD14 Mono,3958,0.9895294562886338,0.9895294562886338,0.0
42,CD16 Mono,586,0.9576271186440678,0.9576271186440678,0.0
42,CD4 CTL,161,0.9877300613496933,0.9877300613496933,0.0
42,CD4 Naive,1621,0.9689135118497999,0.9689135118497999,0.0
42,CD4 Proliferating,10,0.9,0.9,0.0
42,CD4 TCM_1,755,0.8532289628180038,0.8520942408376964,-0.001134721980307396
42,CD4 TCM_2,55,0.6981132075471698,0.6981132075471698,0.0
42,CD4 TCM_3,571,0.881179531656548,0.881590319792567,0.0004107881360189136
42,CD4 TEM_1,158,0.854368932038835,0.854368932038835,0.0
42,CD4 TEM_2,42,0.7532467532467533,0.7532467532467533,0.0
42,CD4 TEM_3,190,0.8106666666666666,0.8116710875331565,0.0010044208664898857
42,CD4 TEM_4,7,0.18181818181818182,0.2,0.018181818181818188
42,CD8 Naive,972,0.9785495403472931,0.9775510204081632,-0.000998519939129916
42,CD8 Naive_2,27,0.6382978723404256,0.6382978723404256,0.0
42,CD8 Proliferating,8,0.823529411764706,0.823529411764706,0.0
42,CD8 TCM_1,86,0.732919254658385,0.732919254658385,0.0
42,CD8 TCM_2,123,0.8281249999999999,0.8281249999999999,0.0
42,CD8 TCM_3,59,0.85,0.85,0.0
42,CD8 TEM_1,258,0.9,0.9,0.0
42,CD8 TEM_2,226,0.7955056179775281,0.7955056179775281,0.0
42,CD8 TEM_3,36,0.6875000000000001,0.6875000000000001,0.0
42,CD8 TEM_4,325,0.8372093023255814,0.8372093023255814,0.0
42,CD8 TEM_5,183,0.8294117647058824,0.8294117647058824,0.0
42,CD8 TEM_6,59,0.9090909090909092,0.9090909090909092,0.0
42,Doublet,56,0.6666666666666666,0.6666666666666666,0.0
42,Eryth,8,0.8421052631578948,0.8421052631578948,0.0
42,HSPC,30,1.0,1.0,0.0
42,ILC,12,0.923076923076923,0.923076923076923,0.0
42,MAIT,258,0.9865125240847785,0.9865125240847785,0.0
42,NK Proliferating,51,0.9072164948453608,0.9072164948453608,0.0
42,NK_1,383,0.8590250329380763,0.8590250329380763,0.0
42,NK_2,873,0.9060402684563759,0.9060402684563759,0.0
42,NK_3,200,0.6282722513089005,0.6282722513089005,0.0
42,NK_4,137,0.7003891050583658,0.7003891050583658,0.0
42,NK_CD56bright,87,0.9213483146067416,0.9213483146067416,0.0
42,Plasma,30,0.9508196721311476,0.9508196721311476,0.0
42,Plasmablast,5,0.888888888888889,0.888888888888889,0.0
42,Platelet,213,0.9643705463182898,0.9643705463182898,0.0
42,Treg Memory,112,0.7706422018348623,0.7706422018348623,0.0
42,Treg Naive,120,0.7565217391304347,0.7565217391304347,0.0
42,cDC1,14,0.962962962962963,0.962962962962963,0.0
42,cDC2_1,72,0.7482014388489208,0.7482014388489208,0.0
42,cDC2_2,160,0.950920245398773,0.950920245398773,0.0
42,dnT_1,18,0.6666666666666667,0.5714285714285714,-0.09523809523809534
42,dnT_2,15,1.0,1.0,0.0
42,gdT_1,151,0.9834983498349835,0.9834983498349835,0.0
42,gdT_2,71,0.921985815602837,0.921985815602837,0.0
42,gdT_3,67,0.9343065693430657,0.9343065693430657,0.0
42,gdT_4,48,0.840909090909091,0.840909090909091,0.0
42,pDC,80,1.0,1.0,0.0
