test_donor,split,stage,n_seed_units,temperature_mean,temperature_ci_low,temperature_ci_high,nll_mean,nll_ci_low,nll_ci_high,ece_15bin_mean,ece_15bin_ci_low,ece_15bin_ci_high,brier_mean,brier_ci_low,brier_ci_high,accuracy_mean,accuracy_ci_low,accuracy_ci_high,weighted_f1_mean,weighted_f1_ci_low,weighted_f1_ci_high,macro_f1_mean,macro_f1_ci_low,macro_f1_ci_high,balanced_accuracy_mean,balanced_accuracy_ci_low,balanced_accuracy_ci_high
P1,test,after,3,0.8357305923372301,0.7002287526103296,0.9712324320641307,0.39141095416554333,0.22251592307862395,0.5603059852524628,0.03417663968426344,-0.012740470800047504,0.08109375016857438,0.14549969145687944,0.12937761070375878,0.1616217722100001,0.9121220476059188,0.9076406071187426,0.9166034880930949,0.9121148397603681,0.9073985011267331,0.9168311783940031,0.809117188046896,0.8049690292768139,0.8132653468169782,0.8310508400129816,0.8064609690284893,0.8556407109974739
P1,test,before,3,1.0,1.0,1.0,0.42984808643491607,0.318687905595346,0.5410082672744861,0.07514536279884206,0.05780411735672471,0.0924866082409594,0.1530915245696314,0.14420220767831884,0.16198084146094396,0.9121220476059188,0.9076406071187426,0.9166034880930949,0.9121148397603681,0.9073985011267331,0.9168311783940031,0.809117188046896,0.8049690292768139,0.8132653468169782,0.8310508400129816,0.8064609690284893,0.8556407109974739
P1,validation,after,3,0.8357305923372301,0.7002287526103296,0.9712324320641307,0.3794730163885515,0.24897725916485405,0.509968773612249,0.028067926737366477,0.011159830210859496,0.044976023263873455,0.1445290374650107,0.14136174648279531,0.14769632844722608,0.9126416739319966,0.9052610904683943,0.9200222573955988,0.9130329149452113,0.9080662279624089,0.9179996019280138,0.8302570271612764,0.8239473661519979,0.8365666881705548,0.8317622557754115,0.8127051352966583,0.8508193762541647
P1,validation,before,3,1.0,1.0,1.0,0.41036122511681267,0.32286702347329466,0.4978554267603307,0.06405764705424781,0.04907127846679609,0.07904401564169952,0.1490429111018545,0.14758878457986668,0.1504970376238423,0.9126416739319966,0.9052610904683943,0.9200222573955988,0.9130329149452113,0.9080662279624089,0.9179996019280138,0.8302570271612764,0.8239473661519979,0.8365666881705548,0.8317622557754115,0.8127051352966583,0.8508193762541647
P2,test,after,3,0.8142969762777494,0.630828730926751,0.9977652216287479,0.33780303001498363,0.16434137263407247,0.5112646873958948,0.02346858086946149,0.012207546775238574,0.03472961496368441,0.13714405102766783,0.12529764511510927,0.1489904569402264,0.9148890826310181,0.9067606848214751,0.9230174804405611,0.9139314779320852,0.9055597302880916,0.9223032255760788,0.8213335453851677,0.806411869408693,0.8362552213616423,0.8251725862170005,0.801278032772283,0.849067139661718
P2,test,before,3,1.0,1.0,1.0,0.3785645561317476,0.25737604273251186,0.49975306953098336,0.06587065689185317,0.048746498226598614,0.08299481555710773,0.14224343341021778,0.13503749217837815,0.1494493746420574,0.9148890826310181,0.9067606848214751,0.9230174804405611,0.9139314779320852,0.9055597302880916,0.9223032255760788,0.8213335453851677,0.806411869408693,0.8362552213616423,0.8251725862170005,0.801278032772283,0.849067139661718
P2,validation,after,3,0.8142969762777494,0.630828730926751,0.9977652216287479,0.3796431428314504,0.15332114908555897,0.6059651365773419,0.03356589773969395,-0.0012302460775335602,0.06836204155692147,0.149782080387299,0.12761350531376822,0.1719506554608298,0.9085948158253752,0.8974175330259988,0.9197720986247515,0.9039389539231147,0.8914471319120661,0.9164307759341633,0.8025305475291282,0.7893043638058599,0.8157567312523966,0.8037549198047037,0.7720953026467569,0.8354145369626506
P2,validation,before,3,1.0,1.0,1.0,0.4203641806194494,0.25446748315607326,0.5862608780828256,0.06724397968508412,0.04573889278336642,0.08874906658680183,0.1555616312136293,0.13721326116461469,0.1739100012626439,0.9085948158253752,0.8974175330259988,0.9197720986247515,0.9039389539231147,0.8914471319120661,0.9164307759341633,0.8025305475291282,0.7893043638058599,0.8157567312523966,0.8037549198047037,0.7720953026467569,0.8354145369626506
P3,test,after,3,0.8321391834965075,0.6769397841183583,0.9873385828746567,0.438401514353204,0.23297542752127526,0.6438276011851327,0.045417178528027756,0.008328384274165115,0.0825059727818904,0.15884464699035714,0.14177882483146145,0.17591046914925282,0.9056844020009095,0.9017747911774551,0.9095940128243639,0.9011972035957109,0.8997151275189488,0.902679279672473,0.7892203961691795,0.768627231257926,0.809813561080433,0.7893055105097583,0.7322330153276452,0.8463780056918714
P3,test,before,3,1.0,1.0,1.0,0.465259946489486,0.3159568021380428,0.6145630908409292,0.06104068158981351,0.04622863991330467,0.07585272326632235,0.1629055070412008,0.1498293184362894,0.17598169564611219,0.9056844020009095,0.9017747911774551,0.9095940128243639,0.9011972035957109,0.8997151275189488,0.902679279672473,0.7892203961691795,0.768627231257926,0.809813561080433,0.7893055105097583,0.7322330153276452,0.8463780056918714
P3,validation,after,3,0.8321391834965075,0.6769397841183583,0.9873385828746567,0.40301364138264023,0.22053782144232748,0.585489461322953,0.040376852962791074,-0.007733589532409928,0.08848729545799208,0.14209191155977655,0.12145524379172395,0.16272857932782914,0.9156231714452896,0.9105129132828417,0.9207334296077375,0.9159573366310694,0.9118385981224908,0.920076075139648,0.7851245764780358,0.7768297475510232,0.7934194054050484,0.7811751339631327,0.7457780762262972,0.8165721916999681
P3,validation,before,3,1.0,1.0,1.0,0.43899964489838755,0.3135745394265643,0.5644247503702108,0.0751931735740199,0.06043883037980053,0.08994751676823928,0.14927801337626825,0.13442611789868164,0.16412990885385487,0.9156231714452896,0.9105129132828417,0.9207334296077375,0.9159573366310694,0.9118385981224908,0.920076075139648,0.7851245764780358,0.7768297475510232,0.7934194054050484,0.7811751339631327,0.7457780762262972,0.8165721916999681
P4,test,after,3,0.8452894570864778,0.7306785611588552,0.9599003530141005,0.4219904452339395,0.24452587868138506,0.599455011786494,0.04468364332527141,-0.005592454063010517,0.09495974071355334,0.146929369217475,0.12467696609026019,0.16918177234468978,0.9131070801638385,0.9041125954430013,0.9221015648846757,0.9144216700985965,0.9070659879774305,0.9217773522197625,0.7791630709981275,0.7646338860425456,0.7936922559537095,0.7744564525080384,0.7556282234382012,0.7932846815778756
P4,test,before,3,1.0,1.0,1.0,0.45166170397986205,0.3072799943457388,0.5960434136139853,0.07161481346654963,0.05734911496194468,0.08588051197115458,0.15274480474696758,0.13236139916938647,0.1731282103245487,0.9131070801638385,0.9041125954430013,0.9221015648846757,0.9144216700985965,0.9070659879774305,0.9217773522197625,0.7791630709981275,0.7646338860425456,0.7936922559537095,0.7744564525080384,0.7556282234382012,0.7932846815778756
P4,validation,after,3,0.8452894570864778,0.7306785611588552,0.9599003530141005,0.40121631419701487,0.19669416134168247,0.6057384670523472,0.04441020823474586,-0.010420410435203697,0.09924082690469542,0.1369990657097178,0.11334584111251524,0.16065229030692033,0.920468265248422,0.9155664192688255,0.9253701112280184,0.9199194413466106,0.913810570806936,0.9260283118862853,0.8458297163617231,0.8388696424416329,0.8527897902818133,0.8402310502136398,0.8216427714063057,0.8588193290209738
P4,validation,before,3,1.0,1.0,1.0,0.4310461318643181,0.26156005980057684,0.6005322039280594,0.07574136290541474,0.05068258007947854,0.10080014573135093,0.14335939653702337,0.12111697804471204,0.1656018150293347,0.920468265248422,0.9155664192688255,0.9253701112280184,0.9199194413466106,0.913810570806936,0.9260283118862853,0.8458297163617231,0.8388696424416329,0.8527897902818133,0.8402310502136398,0.8216427714063057,0.8588193290209738
P5,test,after,3,0.7799155716158334,0.7161819710236844,0.8436491722079823,0.3101662370347037,0.2539202851300015,0.3664121889394059,0.027300350531617067,0.017447454792592583,0.03715324627064155,0.13694877775449202,0.11830883238096113,0.1555887231280229,0.913636849907539,0.9027028472007815,0.9245708526142965,0.913546314860282,0.9002353561399662,0.9268572735805979,0.830688802370268,0.8140227872802169,0.847354817460319,0.8401843225329207,0.8295463774494899,0.8508222676163516
P5,test,before,3,1.0,1.0,1.0,0.36460972024563915,0.3245754580690131,0.4046439824222652,0.0744549278042578,0.06712594937246025,0.08178390623605536,0.14503322199069857,0.12622010020929592,0.16384634377210122,0.913636849907539,0.9027028472007815,0.9245708526142965,0.913546314860282,0.9002353561399662,0.9268572735805979,0.830688802370268,0.8140227872802169,0.847354817460319,0.8401843225329207,0.8295463774494899,0.8508222676163516
P5,validation,after,3,0.7799155716158334,0.7161819710236844,0.8436491722079823,0.3177970104606075,0.25251342793802944,0.38308059298318553,0.026570770190664245,0.0032632297226000626,0.04987831065872843,0.1414735130353064,0.13111213542396155,0.15183489064665123,0.9091698004049754,0.9057465705092618,0.9125930303006891,0.9072948250019935,0.9034334583680844,0.9111561916359027,0.8166059728149717,0.7866124299385946,0.8465995156913488,0.8239104855131333,0.7950300336719737,0.8527909373542929
P5,validation,before,3,1.0,1.0,1.0,0.366887090551754,0.3234086600330253,0.4103655210704827,0.06525348132984606,0.05041598488441923,0.08009097777527288,0.14782693104111025,0.13790036247682258,0.15775349960539792,0.9091698004049754,0.9057465705092618,0.9125930303006891,0.9072948250019935,0.9034334583680844,0.9111561916359027,0.8166059728149717,0.7866124299385946,0.8465995156913488,0.8239104855131333,0.7950300336719737,0.8527909373542929
P6,test,after,3,0.83871628521517,0.8039989196522785,0.8734336507780616,0.4584126430155076,0.3271247630331233,0.5897005229978919,0.052703505346296586,0.020545902567797862,0.0848611081247953,0.15677226388985274,0.1439642451575112,0.1695802826221943,0.9085269822903609,0.9046271471776174,0.9124268174031044,0.9055531028783185,0.9036098678595716,0.9074963378970653,0.7909861050069739,0.7658675770090523,0.8161046330048954,0.7866058092865731,0.7553090423509464,0.8179025762221998
P6,test,before,3,1.0,1.0,1.0,0.47231271452748896,0.3554569832460073,0.5891684458089707,0.06527724232298394,0.045570518140107166,0.08498396650586072,0.1606870086694857,0.14804523340877204,0.17332878393019938,0.9085269822903609,0.9046271471776174,0.9124268174031044,0.9055531028783185,0.9036098678595716,0.9074963378970653,0.7909861050069739,0.7658675770090523,0.8161046330048954,0.7866058092865731,0.7553090423509464,0.8179025762221998
P6,validation,after,3,0.83871628521517,0.8039989196522785,0.8734336507780616,0.3797870655763522,0.30399987507623505,0.4555742560764694,0.0469877511853574,0.017681710280341323,0.07629379209037347,0.1317926327378642,0.1298442862194503,0.13374097925627812,0.923311816319431,0.917932115675451,0.9286915169634111,0.9226943450935167,0.9172283743353061,0.9281603158517272,0.8346586315269385,0.8313337143831657,0.8379835486707113,0.8291172177131115,0.8244841735871715,0.8337502618390515
P6,validation,before,3,1.0,1.0,1.0,0.41082995968663977,0.3424816873314777,0.4791782320418018,0.07628538729465427,0.05394724429816543,0.09862353029114311,0.13915603651533842,0.13648248825431017,0.14182958477636667,0.923311816319431,0.917932115675451,0.9286915169634111,0.9226943450935167,0.9172283743353061,0.9281603158517272,0.8346586315269385,0.8313337143831657,0.8379835486707113,0.8291172177131115,0.8244841735871715,0.8337502618390515
P7,test,after,3,0.7883014944684535,0.5690527864871843,1.0075502024497227,0.332051246734457,0.14848984150909547,0.5156126519598185,0.03597079613141078,-0.01645312368135493,0.08839471594417649,0.13303076117920049,0.11434259670038016,0.1517189256580208,0.9183126538079961,0.9154799232956664,0.9211453843203258,0.9173949944389741,0.9147859277839993,0.9200040610939489,0.816337241566418,0.7881197750743296,0.8445547080585063,0.8113707031196697,0.7728908200692393,0.8498505861701002
P7,test,before,3,1.0,1.0,1.0,0.3875611135132317,0.2743997207227614,0.500722506303702,0.08737018766835454,0.060056250966857766,0.11468412436985131,0.14329396824868365,0.13432199281058757,0.15226594368677973,0.9183126538079961,0.9154799232956664,0.9211453843203258,0.9173949944389741,0.9147859277839993,0.9200040610939489,0.816337241566418,0.7881197750743296,0.8445547080585063,0.8113707031196697,0.7728908200692393,0.8498505861701002
P7,validation,after,3,0.7883014944684535,0.5690527864871843,1.0075502024497227,0.3611592676126966,0.15084887965321733,0.5714696555721759,0.0340998626555485,-0.011354180056708095,0.0795539053678051,0.14999532536025492,0.11507863141027713,0.1849120193102327,0.9057904761904761,0.8933836975785844,0.9181972548023679,0.9043923644574409,0.892023361841774,0.9167613670731077,0.8326349917467186,0.8216086116735889,0.8436613718198483,0.8222078208718374,0.8120653121921497,0.8323503295515251
P7,validation,before,3,1.0,1.0,1.0,0.4117309645826446,0.2814361971260466,0.5420257320392425,0.08035475150584126,0.03324618192513777,0.12746332108654473,0.15801216720209169,0.1349905714650052,0.18103376293917817,0.9057904761904761,0.8933836975785844,0.9181972548023679,0.9043923644574409,0.892023361841774,0.9167613670731077,0.8326349917467186,0.8216086116735889,0.8436613718198483,0.8222078208718374,0.8120653121921497,0.8323503295515251
P8,test,after,3,0.8486883255887271,0.8158271097095977,0.8815495414678565,0.4328574826362097,0.37070469712287857,0.49501026814954086,0.04891610533889898,0.03423855072399479,0.06359365995380317,0.1545458756368645,0.14865193110271857,0.16043982017101044,0.9091809523809524,0.9052436851335427,0.9131182196283621,0.907876392794444,0.9040466040843578,0.9117061815045302,0.8206958225430722,0.8078343699115065,0.8335572751746378,0.8095112317799141,0.8047495886519879,0.8142728749078404
P8,test,before,3,1.0,1.0,1.0,0.4541729872404546,0.3962121358135114,0.5121338386673977,0.06960124082234923,0.05692159722824058,0.08228088441645787,0.15879407765246567,0.1526475257191824,0.16494062958574895,0.9091809523809524,0.9052436851335427,0.9131182196283621,0.907876392794444,0.9040466040843578,0.9117061815045302,0.8206958225430722,0.8078343699115065,0.8335572751746378,0.8095112317799141,0.8047495886519879,0.8142728749078404
P8,validation,after,3,0.8486883255887271,0.8158271097095977,0.8815495414678565,0.40165345919079204,0.32395970656075485,0.47934721182082923,0.03938542201674945,0.0324803190002966,0.04629052503320231,0.14351128619839615,0.1321253211194365,0.1548972512773558,0.9148791471372117,0.9109702052486216,0.9187880890258019,0.9144823205268097,0.9100166816775263,0.9189479593760931,0.8380791838526943,0.8302274678077082,0.8459308998976804,0.838319338156856,0.835353580545901,0.841285095767811
P8,validation,before,3,1.0,1.0,1.0,0.42946347849903327,0.3596044618671949,0.4993224951308716,0.06443333033096225,0.060660843205163614,0.0682058174567609,0.14852856088564306,0.13786756661535346,0.15918955515593267,0.9148791471372117,0.9109702052486216,0.9187880890258019,0.9144823205268097,0.9100166816775263,0.9189479593760931,0.8380791838526943,0.8302274678077082,0.8459308998976804,0.838319338156856,0.835353580545901,0.841285095767811
