test_donor,seed,scenario,mask_fraction,n_masked_proteins,n_test,accuracy,weighted_f1,macro_f1,ece,brier,full_accuracy,delta_accuracy,full_weighted_f1,delta_weighted_f1,full_macro_f1,delta_macro_f1,full_ece,delta_ece,full_brier,delta_brier
P1,41,full,0.0,0,18135,0.9041632202922526,0.9020837756699149,0.8000956288136782,0.06548613020382474,0.1704728752374649,0.9041632202922526,0.0,0.9020837756699149,0.0,0.8000956288136782,0.0,0.06548613020382474,0.0,0.1704728752374649,0.0
P1,41,random_10,0.1,22,18135,0.8994210090984285,0.8971844549347616,0.793193867779117,0.06681915671085241,0.1756858080625534,0.9041632202922526,-0.00474221119382412,0.9020837756699149,-0.004899320735153312,0.8000956288136782,-0.0069017610345611935,0.06548613020382474,0.001333026507027671,0.1704728752374649,0.005212932825088501
P1,41,random_30,0.3,67,18135,0.9009649848359526,0.8986298991144234,0.7945238511312289,0.06683190704903917,0.17430467903614044,0.9041632202922526,-0.003198235456300047,0.9020837756699149,-0.003453876555491564,0.8000956288136782,-0.005571777682449319,0.06548613020382474,0.001345776845214433,0.1704728752374649,0.003831803798675537
P1,41,random_50,0.5,112,18135,0.8950096498483595,0.8927218384761365,0.7779553115615357,0.0663016436113646,0.18188093602657318,0.9041632202922526,-0.009153570443893089,0.9020837756699149,-0.009361937193778425,0.8000956288136782,-0.022140317252142494,0.06548613020382474,0.0008155134075398668,0.1704728752374649,0.011408060789108276
P1,41,random_70,0.7,157,18135,0.8889991728701406,0.8862932749125061,0.7662946570343074,0.074479663217564,0.1892818808555603,0.9041632202922526,-0.01516404742211197,0.9020837756699149,-0.015790500757408843,0.8000956288136782,-0.0338009717793708,0.06548613020382474,0.008993533013739258,0.1704728752374649,0.018809005618095398
P1,41,marker_memory,,6,18135,0.9023435346015991,0.9004809601749663,0.8017191045952853,0.06406868431960581,0.17297540605068207,0.9041632202922526,-0.0018196856906534942,0.9020837756699149,-0.0016028154949486728,0.8000956288136782,0.0016234757816070422,0.06548613020382474,-0.0014174458842189236,0.1704728752374649,0.002502530813217163
P1,41,marker_tcell,,15,18135,0.8979873173421561,0.8963162966303662,0.7852825184590734,0.06733802650991735,0.17797085642814636,0.9041632202922526,-0.006175902950096512,0.9020837756699149,-0.005767479039548773,0.8000956288136782,-0.014813110354604864,0.06548613020382474,0.0018518963060926152,0.1704728752374649,0.0074979811906814575
P1,41,rna_only,1.0,224,18135,0.8813895781637717,0.8797092001795371,0.7560602497175201,0.09572159144231396,0.19673939049243927,0.9041632202922526,-0.022773642128480875,0.9020837756699149,-0.0223745754903778,0.8000956288136782,-0.04403537909615818,0.06548613020382474,0.03023546123848922,0.1704728752374649,0.026266515254974365
P1,42,full,0.0,0,18135,0.9070857457954232,0.9067547339156138,0.8116606787910956,0.058990935286543464,0.15748213231563568,0.9070857457954232,0.0,0.9067547339156138,0.0,0.8116606787910956,0.0,0.058990935286543464,0.0,0.15748213231563568,0.0
P1,42,random_10,0.1,22,18135,0.9048800661703887,0.9049018207882114,0.8047425169063157,0.06036384665410578,0.16028828918933868,0.9070857457954232,-0.0022056796250344846,0.9067547339156138,-0.0018529131274024335,0.8116606787910956,-0.006918161884779894,0.058990935286543464,0.0013729113675623184,0.15748213231563568,0.002806156873703003
P1,42,random_30,0.3,67,18135,0.9019575406672181,0.901033023314602,0.8005591139274586,0.06422205653636294,0.165547177195549,0.9070857457954232,-0.00512820512820511,0.9067547339156138,-0.005721710601011787,0.8116606787910956,-0.011101564863637003,0.058990935286543464,0.005231121249819476,0.15748213231563568,0.00806504487991333
P1,42,random_50,0.5,112,18135,0.8958367797077474,0.8946490355312561,0.7947388902829794,0.06916761531674041,0.1769193410873413,0.9070857457954232,-0.011248966087675782,0.9067547339156138,-0.01210569838435771,0.8116606787910956,-0.01692178850811621,0.058990935286543464,0.01017668003019695,0.15748213231563568,0.019437208771705627
P1,42,random_70,0.7,157,18135,0.8915357044389303,0.8909564011021047,0.7796182226336063,0.06915391591139528,0.18343354761600494,0.9070857457954232,-0.01555004135649296,0.9067547339156138,-0.015798332813509064,0.8116606787910956,-0.03204245615748935,0.058990935286543464,0.010162980624851811,0.15748213231563568,0.025951415300369263
P1,42,marker_memory,,6,18135,0.9033360904328647,0.9028580840980065,0.8077884101389532,0.06263436630454511,0.16316749155521393,0.9070857457954232,-0.003749655362558557,0.9067547339156138,-0.0038966498176072895,0.8116606787910956,-0.0038722686521424077,0.058990935286543464,0.0036434310180016444,0.15748213231563568,0.005685359239578247
P1,42,marker_tcell,,15,18135,0.8980976013234078,0.8980707428663127,0.7888233922478092,0.0643050846183862,0.17041629552841187,0.9070857457954232,-0.008988144472015458,0.9067547339156138,-0.008683991049301065,0.8116606787910956,-0.022837286543286428,0.058990935286543464,0.005314149331842738,0.15748213231563568,0.012934163212776184
P1,42,rna_only,1.0,224,18135,0.8807830162668873,0.8811293208753674,0.7653688712116801,0.11680713328803775,0.2058091163635254,0.9070857457954232,-0.026302729528535962,0.9067547339156138,-0.025625413040246348,0.8116606787910956,-0.046291807579415534,0.058990935286543464,0.05781619800149429,0.15748213231563568,0.04832698404788971
P1,43,full,0.0,0,18135,0.9085194375516956,0.9082850498567796,0.8011485225338957,0.06915612225283395,0.16151562333106995,0.9085194375516956,0.0,0.9082850498567796,0.0,0.8011485225338957,0.0,0.06915612225283395,0.0,0.16151562333106995,0.0
P1,43,random_10,0.1,22,18135,0.9069203198235456,0.9066178493071186,0.7997808791926928,0.07019065961648453,0.1647459864616394,0.9085194375516956,-0.0015991177281500235,0.9082850498567796,-0.0016672005496609632,0.8011485225338957,-0.0013676433412028732,0.06915612225283395,0.001034537363650584,0.16151562333106995,0.003230363130569458
P1,43,random_30,0.3,67,18135,0.9022883926109733,0.9018777842418537,0.7927860871137914,0.07400216306738198,0.17291870713233948,0.9085194375516956,-0.006231044940722352,0.9082850498567796,-0.006407265614925883,0.8011485225338957,-0.008362435420104286,0.06915612225283395,0.004846040814548036,0.16151562333106995,0.011403083801269531
P1,43,random_50,0.5,112,18135,0.8977116073890268,0.8972432100145629,0.7821277106676213,0.0717879802206347,0.1785704642534256,0.9085194375516956,-0.010807830162668841,0.9082850498567796,-0.011041839842216739,0.8011485225338957,-0.019020811866274356,0.06915612225283395,0.0026318579678007575,0.16151562333106995,0.017054840922355652
P1,43,random_70,0.7,157,18135,0.8842569616763165,0.8851377570085279,0.7579019461003287,0.07177270155390797,0.19689001142978668,0.9085194375516956,-0.024262475875379108,0.9082850498567796,-0.023147292848251677,0.8011485225338957,-0.043246576433567,0.06915612225283395,0.0026165793010740207,0.16151562333106995,0.035374388098716736
P1,43,marker_memory,,6,18135,0.9071408877860491,0.9068344955244199,0.8011715768604342,0.0723309600442804,0.16524149477481842,0.9085194375516956,-0.0013785497656465528,0.9082850498567796,-0.0014505543323597436,0.8011485225338957,2.305432653848527e-05,0.06915612225283395,0.00317483779144645,0.16151562333106995,0.003725871443748474
P1,43,marker_tcell,,15,18135,0.9021781086297216,0.9023142613771807,0.7896545958576457,0.0716075093301821,0.17103953659534454,0.9085194375516956,-0.006341328921974032,0.9082850498567796,-0.005970788479598865,0.8011485225338957,-0.011493926676249933,0.06915612225283395,0.002451387077348155,0.16151562333106995,0.009523913264274597
P1,43,rna_only,1.0,224,18135,0.8817755720981527,0.8828015801762424,0.7579149716547076,0.10887246256586867,0.19946737587451935,0.9085194375516956,-0.026743865453542903,0.9082850498567796,-0.025483469680537163,0.8011485225338957,-0.04323355087918812,0.06915612225283395,0.039716340313034726,0.16151562333106995,0.0379517525434494
P2,41,full,0.0,0,17205,0.9081081081081082,0.9056957660292808,0.8019066410073384,0.052844988422420136,0.1464090496301651,0.9081081081081082,0.0,0.9056957660292808,0.0,0.8019066410073384,0.0,0.052844988422420136,0.0,0.1464090496301651,0.0
P2,41,random_10,0.1,22,17205,0.9090380703283929,0.9072111867590854,0.8002555995907362,0.060130354860812155,0.1458325982093811,0.9081081081081082,0.0009299622202847413,0.9056957660292808,0.0015154207298045952,0.8019066410073384,-0.001651041416602217,0.052844988422420136,0.007285366438392019,0.1464090496301651,-0.0005764514207839966
P2,41,random_30,0.3,67,17205,0.9048532403371113,0.9031310894471873,0.7951452820655847,0.07181577540845312,0.15593063831329346,0.9081081081081082,-0.0032548677709968166,0.9056957660292808,-0.0025646765820934725,0.8019066410073384,-0.006761358941753781,0.052844988422420136,0.01897078698603298,0.1464090496301651,0.009521588683128357
P2,41,random_50,0.5,112,17205,0.8940424295263005,0.8913768491309481,0.7758929350449922,0.0727103612453083,0.16911722719669342,0.9081081081081082,-0.014065678581807628,0.9056957660292808,-0.014318916898332756,0.8019066410073384,-0.0260137059623462,0.052844988422420136,0.019865372822888167,0.1464090496301651,0.02270817756652832
P2,41,random_70,0.7,157,17205,0.8993315896541703,0.8985820881691907,0.7810599486027807,0.08541862547432257,0.16595034301280975,0.9081081081081082,-0.008776518453937898,0.9056957660292808,-0.007113677860090095,0.8019066410073384,-0.02084669240455772,0.052844988422420136,0.03257363705190243,0.1464090496301651,0.019541293382644653
P2,41,marker_memory,,6,17205,0.9067131647776809,0.9044659312768412,0.7993991941761251,0.06188497617732506,0.14967654645442963,0.9081081081081082,-0.001394943330427223,0.9056957660292808,-0.0012298347524396513,0.8019066410073384,-0.002507446831213289,0.052844988422420136,0.009039987754904923,0.1464090496301651,0.0032674968242645264
P2,41,marker_tcell,,15,17205,0.9006684103458297,0.8994824772137465,0.787685605116319,0.06679262559502598,0.16110169887542725,0.9081081081081082,-0.0074396977622784854,0.9056957660292808,-0.00621328881553429,0.8019066410073384,-0.014221035891019418,0.052844988422420136,0.013947637172605845,0.1464090496301651,0.014692649245262146
P2,41,rna_only,1.0,224,17205,0.8884045335658239,0.8874721651966179,0.769640210005293,0.1101642531092449,0.18511252105236053,0.9081081081081082,-0.01970357454228422,0.9056957660292808,-0.018223600832662945,0.8019066410073384,-0.032266431002045404,0.052844988422420136,0.05731926468682476,0.1464090496301651,0.038703471422195435
P2,42,full,0.0,0,17205,0.9145015983725661,0.912542041782063,0.8098069119834075,0.05388516926793157,0.14891068637371063,0.9145015983725661,0.0,0.912542041782063,0.0,0.8098069119834075,0.0,0.05388516926793157,0.0,0.14891068637371063,0.0
P2,42,random_10,0.1,22,17205,0.9134553908747457,0.9118085164711666,0.8076650509365505,0.05340345852148459,0.15120092034339905,0.9145015983725661,-0.0010462074978203617,0.912542041782063,-0.0007335253108964324,0.8098069119834075,-0.0021418610468569854,0.05388516926793157,-0.0004817107464469769,0.14891068637371063,0.0022902339696884155
P2,42,random_30,0.3,67,17205,0.9086312118570183,0.9066123773487127,0.8006555555536946,0.05593649256943066,0.15855593979358673,0.9145015983725661,-0.005870386515547721,0.912542041782063,-0.005929664433350301,0.8098069119834075,-0.009151356429712876,0.05388516926793157,0.0020513233014990903,0.14891068637371063,0.009645253419876099
P2,42,random_50,0.5,112,17205,0.9031095611740773,0.9015829263588815,0.7905913511251659,0.05461616491342971,0.16575227677822113,0.9145015983725661,-0.011392037198488802,0.912542041782063,-0.010959115423181509,0.8098069119834075,-0.01921556085824161,0.05388516926793157,0.0007309956454981392,0.14891068637371063,0.016841590404510498
P2,42,random_70,0.7,157,17205,0.9006102877070619,0.8990245916003458,0.7764160994283757,0.055497473517724584,0.16920119524002075,0.9145015983725661,-0.013891310665504197,0.912542041782063,-0.013517450181717239,0.8098069119834075,-0.033390812555031735,0.05388516926793157,0.0016123042497930146,0.14891068637371063,0.02029050886631012
P2,42,marker_memory,,6,17205,0.9138041267073526,0.9119568761509692,0.8067670224701294,0.05574186120536289,0.14936980605125427,0.9145015983725661,-0.0006974716652135005,0.912542041782063,-0.0005851656310937869,0.8098069119834075,-0.003039889513278049,0.05388516926793157,0.0018566919374313207,0.14891068637371063,0.00045911967754364014
P2,42,marker_tcell,,15,17205,0.9082243533856437,0.9071203600146511,0.7963362505979473,0.058609682631610434,0.1576113998889923,0.9145015983725661,-0.006277244986922392,0.912542041782063,-0.005421681767411868,0.8098069119834075,-0.013470661385460159,0.05388516926793157,0.004724513363678864,0.14891068637371063,0.008700713515281677
P2,42,rna_only,1.0,224,17205,0.8919500145306597,0.8904390836334802,0.7642607307722795,0.07155701764895797,0.17113441228866577,0.9145015983725661,-0.022551583841906364,0.912542041782063,-0.022102958148582763,0.8098069119834075,-0.04554618121112797,0.05388516926793157,0.017671848381026402,0.14891068637371063,0.02222372591495514
P2,43,full,0.0,0,17205,0.9114792211566405,0.9102225806195174,0.814851572264055,0.06743136032597336,0.15915782749652863,0.9114792211566405,0.0,0.9102225806195174,0.0,0.814851572264055,0.0,0.06743136032597336,0.0,0.15915782749652863,0.0
P2,43,random_10,0.1,22,17205,0.9094449287997675,0.9083988149617496,0.8104652652652237,0.06721576201737324,0.1613515317440033,0.9114792211566405,-0.0020342923568730242,0.9102225806195174,-0.001823765657767873,0.814851572264055,-0.0043863069988313574,0.06743136032597336,-0.00021559830860011509,0.15915782749652863,0.0021937042474746704
P2,43,random_30,0.3,67,17205,0.9065969195001453,0.9057703449340184,0.8055754039676206,0.0689974004820106,0.1665705144405365,0.9114792211566405,-0.004882301656495169,0.9102225806195174,-0.0044522356854990175,0.814851572264055,-0.009276168296434406,0.06743136032597336,0.0015660401560372433,0.15915782749652863,0.0074126869440078735
P2,43,random_50,0.5,112,17205,0.9011915140947399,0.9004108588510108,0.7982584825184335,0.06857834680071409,0.17263023555278778,0.9114792211566405,-0.01028770706190063,0.9102225806195174,-0.009811721768506643,0.814851572264055,-0.01659308974562157,0.06743136032597336,0.0011469864747407355,0.15915782749652863,0.013472408056259155
P2,43,random_70,0.7,157,17205,0.8946817785527463,0.8933538978749966,0.7854970359316822,0.06738082744360868,0.1832292228937149,0.9114792211566405,-0.016797442603894153,0.9102225806195174,-0.016868682744520802,0.814851572264055,-0.029354536332372838,0.06743136032597336,-5.053288236467335e-05,0.15915782749652863,0.02407139539718628
P2,43,marker_memory,,6,17205,0.9097355419936065,0.9085784426070536,0.81066306949684,0.06710492625888853,0.16068290174007416,0.9114792211566405,-0.0017436791630339732,0.9102225806195174,-0.0016441380124638805,0.814851572264055,-0.004188502767215052,0.06743136032597336,-0.00032643406708482425,0.15915782749652863,0.0015250742435455322
P2,43,marker_tcell,,15,17205,0.9049694856146469,0.9041772381097166,0.801865081352954,0.07144086671686213,0.16722902655601501,0.9114792211566405,-0.006509735541993633,0.9102225806195174,-0.006045342509800822,0.814851572264055,-0.012986490911101045,0.06743136032597336,0.004009506390888776,0.15915782749652863,0.00807119905948639
P2,43,rna_only,1.0,224,17205,0.8879976750944493,0.8875169050662038,0.7735527215757957,0.08392061923945306,0.1843729466199875,0.9114792211566405,-0.023481546062191216,0.9102225806195174,-0.022705675553313598,0.814851572264055,-0.041298850688259336,0.06743136032597336,0.0164892589134797,0.15915782749652863,0.025215119123458862
P3,41,full,0.0,0,14660,0.9029331514324693,0.8978687667197679,0.787550598623344,0.05352473839365281,0.16419290006160736,0.9029331514324693,0.0,0.8978687667197679,0.0,0.787550598623344,0.0,0.05352473839365281,0.0,0.16419290006160736,0.0
P3,41,random_10,0.1,22,14660,0.8984993178717599,0.8924820363433118,0.7700207078890234,0.056583251898643265,0.17212560772895813,0.9029331514324693,-0.004433833560709477,0.8978687667197679,-0.005386730376456095,0.787550598623344,-0.01752989073432054,0.05352473839365281,0.003058513504990458,0.16419290006160736,0.007932707667350769
P3,41,random_30,0.3,67,14660,0.900068212824011,0.8958803720943416,0.773552986572961,0.05433044375198681,0.16961531341075897,0.9029331514324693,-0.0028649386084583783,0.8978687667197679,-0.0019883946254263263,0.787550598623344,-0.013997612050382968,0.05352473839365281,0.0008057053583340051,0.16419290006160736,0.005422413349151611
P3,41,random_50,0.5,112,14660,0.8954297407912688,0.8906812727263155,0.7660031986653114,0.060404533023804954,0.17848260700702667,0.9029331514324693,-0.007503410641200525,0.8978687667197679,-0.007187493993452421,0.787550598623344,-0.021547399958032565,0.05352473839365281,0.006879794630152147,0.16419290006160736,0.014289706945419312
P3,41,random_70,0.7,157,14660,0.8935197817189632,0.8904796168810344,0.7491320563648646,0.05408214556325182,0.18019193410873413,0.9029331514324693,-0.009413369713506148,0.8978687667197679,-0.007389149838733511,0.787550598623344,-0.038418542258479405,0.05352473839365281,0.0005574071695990113,0.16419290006160736,0.01599903404712677
P3,41,marker_memory,,6,14660,0.9011596180081856,0.8966024878032398,0.7834857729191218,0.05483684540608084,0.16724488139152527,0.9029331514324693,-0.0017735334242837686,0.8978687667197679,-0.0012662789165280852,0.787550598623344,-0.004064825704222175,0.05352473839365281,0.0013121070124280307,0.16419290006160736,0.0030519813299179077
P3,41,marker_tcell,,15,14660,0.9004092769440655,0.8962086228706978,0.7779707386545663,0.051100351964854095,0.1691516786813736,0.9029331514324693,-0.0025238744884038544,0.8978687667197679,-0.0016601438490700948,0.787550598623344,-0.009579859968777638,0.05352473839365281,-0.0024243864287987124,0.16419290006160736,0.004958778619766235
P3,41,rna_only,1.0,224,14660,0.8855388813096862,0.8812171114382739,0.7271206828253731,0.09459929479156476,0.1940075308084488,0.9029331514324693,-0.017394270122783162,0.8978687667197679,-0.016651655281494038,0.787550598623344,-0.06042991579797086,0.05352473839365281,0.04107455639791195,0.16419290006160736,0.02981463074684143
P3,42,full,0.0,0,14660,0.9044338335607094,0.8997654408329505,0.7910276533745052,0.05459876416192617,0.16726280748844147,0.9044338335607094,0.0,0.8997654408329505,0.0,0.7910276533745052,0.0,0.05459876416192617,0.0,0.16726280748844147,0.0
P3,42,random_10,0.1,22,14660,0.9025920873124147,0.8980588460248634,0.7815930524529394,0.05735303750121901,0.17110569775104523,0.9044338335607094,-0.0018417462482946956,0.8997654408329505,-0.001706594808087103,0.7910276533745052,-0.009434600921565783,0.05459876416192617,0.0027542733392928453,0.16726280748844147,0.0038428902626037598
P3,42,random_30,0.3,67,14660,0.8955661664392905,0.8902258410279248,0.7680525354573146,0.05239393428821843,0.18168389797210693,0.9044338335607094,-0.008867667121418843,0.8997654408329505,-0.009539599805025722,0.7910276533745052,-0.022975117917190646,0.05459876416192617,-0.0022048298737077365,0.16726280748844147,0.014421090483665466
P3,42,random_50,0.5,112,14660,0.8931105047748977,0.8883200878856269,0.7635327044461147,0.05394689425429655,0.1857854574918747,0.9044338335607094,-0.01132332878581166,0.8997654408329505,-0.011445352947323628,0.7910276533745052,-0.02749494892839055,0.05459876416192617,-0.0006518699076296167,0.16726280748844147,0.018522650003433228
P3,42,random_70,0.7,157,14660,0.8902455661664392,0.8882775515620255,0.7404956254698167,0.06169193336412332,0.18842290341854095,0.9044338335607094,-0.014188267394270149,0.8997654408329505,-0.011487889270925034,0.7910276533745052,-0.05053202790468847,0.05459876416192617,0.007093169202197151,0.16726280748844147,0.021160095930099487
P3,42,marker_memory,,6,14660,0.902387448840382,0.8981031888455863,0.7808243681578896,0.05919526528267225,0.16957275569438934,0.9044338335607094,-0.0020463847203273655,0.8997654408329505,-0.0016622519873642494,0.7910276533745052,-0.01020328521661562,0.05459876416192617,0.004596501120746083,0.16726280748844147,0.002309948205947876
P3,42,marker_tcell,,15,14660,0.8987721691678036,0.8945698869354086,0.7751282658926896,0.05479347545648502,0.17453338205814362,0.9044338335607094,-0.00566166439290583,0.8997654408329505,-0.0051955538975418936,0.7910276533745052,-0.01589938748181563,0.05459876416192617,0.00019471129455884972,0.16726280748844147,0.0072705745697021484
P3,42,rna_only,1.0,224,14660,0.8838335607094133,0.8800113632578769,0.7369537400591123,0.07892316046639727,0.18967294692993164,0.9044338335607094,-0.020600272851296064,0.8997654408329505,-0.019754077575073636,0.7910276533745052,-0.05407391331539291,0.05459876416192617,0.024324396304471106,0.16726280748844147,0.022410139441490173
P3,43,full,0.0,0,14660,0.9043656207366985,0.8987644815794112,0.7961573304138573,0.048726523210171305,0.15762311220169067,0.9043656207366985,0.0,0.8987644815794112,0.0,0.7961573304138573,0.0,0.048726523210171305,0.0,0.15762311220169067,0.0
P3,43,random_10,0.1,22,14660,0.9010231923601637,0.8958419889779016,0.7910015733611856,0.051865415473812924,0.16123752295970917,0.9043656207366985,-0.0033424283765347562,0.8987644815794112,-0.002922492601509674,0.7961573304138573,-0.005155757052671683,0.048726523210171305,0.0031388922636416197,0.15762311220169067,0.0036144107580184937
P3,43,random_30,0.3,67,14660,0.9012278308321965,0.8959442533091566,0.784317212075881,0.05103545165525455,0.16147887706756592,0.9043656207366985,-0.0031377899045019753,0.8987644815794112,-0.002820228270254632,0.7961573304138573,-0.011840118337976269,0.048726523210171305,0.002308928445083243,0.15762311220169067,0.003855764865875244
P3,43,random_50,0.5,112,14660,0.9010231923601637,0.8967728413608768,0.7648411506133003,0.0565884889147942,0.16255831718444824,0.9043656207366985,-0.0033424283765347562,0.8987644815794112,-0.001991640218534485,0.7961573304138573,-0.03131617980055701,0.048726523210171305,0.007861965704622893,0.15762311220169067,0.004935204982757568
P3,43,random_70,0.7,157,14660,0.8886766712141883,0.8852417576086776,0.7443916116011107,0.05807084116683245,0.18007072806358337,0.9043656207366985,-0.01568894952251021,0.8987644815794112,-0.013522723970733619,0.7961573304138573,-0.05176571881274661,0.048726523210171305,0.009344317956661144,0.15762311220169067,0.0224476158618927
P3,43,marker_memory,,6,14660,0.9016371077762619,0.8966032599441933,0.7859162967249123,0.05145164919511439,0.16106687486171722,0.9043656207366985,-0.0027285129604365244,0.8987644815794112,-0.0021612216352179248,0.7961573304138573,-0.010241033688945023,0.048726523210171305,0.0027251259849430873,0.15762311220169067,0.0034437626600265503
P3,43,marker_tcell,,15,14660,0.8957708049113233,0.8910150528992172,0.7805300740276907,0.04858780528480975,0.16882267594337463,0.9043656207366985,-0.008594815825375135,0.8987644815794112,-0.007749428680194015,0.7961573304138573,-0.015627256386166577,0.048726523210171305,-0.00013871792536155475,0.15762311220169067,0.01119956374168396
P3,43,rna_only,1.0,224,14660,0.8791268758526603,0.8771172575095961,0.7212452456857493,0.09795817430823595,0.20099973678588867,0.9043656207366985,-0.02523874488403821,0.8987644815794112,-0.02164722406981512,0.7961573304138573,-0.07491208472810795,0.048726523210171305,0.04923165109806464,0.15762311220169067,0.043376624584198
P4,41,full,0.0,0,17090,0.9142188414277355,0.9138032770927662,0.7791805052194415,0.06660039461778575,0.15643411874771118,0.9142188414277355,0.0,0.9138032770927662,0.0,0.7791805052194415,0.0,0.06660039461778575,0.0,0.15643411874771118,0.0
P4,41,random_10,0.1,22,17090,0.9109420713867759,0.9106176102393625,0.7741774985348786,0.06793503673401685,0.15939541161060333,0.9142188414277355,-0.003276770040959609,0.9138032770927662,-0.0031856668534037125,0.7791805052194415,-0.005003006684562883,0.06660039461778575,0.001334642116231105,0.15643411874771118,0.002961292862892151
P4,41,random_30,0.3,67,17090,0.9103569338794617,0.9095728696642441,0.7707507876198029,0.06973246569048253,0.1626320481300354,0.9142188414277355,-0.0038619075482737575,0.9138032770927662,-0.004230407428522098,0.7791805052194415,-0.00842971759963862,0.06660039461778575,0.0031320710726967793,0.15643411874771118,0.006197929382324219
P4,41,random_50,0.5,112,17090,0.9029842012873025,0.9027682603297176,0.7502886293816687,0.07032672711950491,0.17275111377239227,0.9142188414277355,-0.011234640140432961,0.9138032770927662,-0.011035016763048633,0.7791805052194415,-0.02889187583777275,0.06660039461778575,0.003726332501719165,0.15643411874771118,0.01631699502468109
P4,41,random_70,0.7,157,17090,0.8987712112346401,0.8976139480741592,0.743999123062657,0.07072145363622202,0.17829850316047668,0.9142188414277355,-0.015447630193095363,0.9138032770927662,-0.016189329018607035,0.7791805052194415,-0.03518138215678446,0.06660039461778575,0.004121059018436277,0.15643411874771118,0.021864384412765503
P4,41,marker_memory,,6,17090,0.9129900526623757,0.9125462257539898,0.7735252109792183,0.06953966653071486,0.1587047278881073,0.9142188414277355,-0.0012287887653598117,0.9138032770927662,-0.0012570513387764048,0.7791805052194415,-0.005655294240223152,0.06660039461778575,0.0029392719129291145,0.15643411874771118,0.002270609140396118
P4,41,marker_tcell,,15,17090,0.9105324751316559,0.910250438963248,0.7624900868498676,0.0698272624503736,0.15988607704639435,0.9142188414277355,-0.0036863662960795462,0.9138032770927662,-0.003552838129518232,0.7791805052194415,-0.016690418369573856,0.06660039461778575,0.003226867832587854,0.15643411874771118,0.0034519582986831665
P4,41,rna_only,1.0,224,17090,0.8946167349327092,0.893763605808082,0.721351116048767,0.08434332145836845,0.17557649314403534,0.9142188414277355,-0.01960210649502625,0.9138032770927662,-0.020039671284684202,0.7791805052194415,-0.05782938917067448,0.06660039461778575,0.017742926840582707,0.15643411874771118,0.019142374396324158
P4,42,full,0.0,0,17090,0.911234640140433,0.9128934141890478,0.7764457651095347,0.06884411443755109,0.15376870334148407,0.911234640140433,0.0,0.9128934141890478,0.0,0.7764457651095347,0.0,0.06884411443755109,0.0,0.15376870334148407,0.0
P4,42,random_10,0.1,22,17090,0.9102399063779988,0.9116302908506994,0.7759897735271788,0.07049024991468773,0.15680080652236938,0.911234640140433,-0.0009947337624341968,0.9128934141890478,-0.0012631233383484375,0.7764457651095347,-0.00045599158235587467,0.06884411443755109,0.0016461354771366427,0.15376870334148407,0.003032103180885315
P4,42,random_30,0.3,67,17090,0.9047396138092452,0.9071378683896608,0.7668889617689193,0.07163056607411017,0.16433008015155792,0.911234640140433,-0.006495026331187814,0.9128934141890478,-0.005755545799386974,0.7764457651095347,-0.009556803340615372,0.06884411443755109,0.0027864516365590786,0.15376870334148407,0.010561376810073853
P4,42,random_50,0.5,112,17090,0.9028086600351083,0.9046779258148223,0.7554425120123575,0.07431203326577678,0.16924574971199036,0.911234640140433,-0.008425980105324693,0.9128934141890478,-0.008215488374225477,0.7764457651095347,-0.02100325309717721,0.06884411443755109,0.005467918828225685,0.15376870334148407,0.015477046370506287
P4,42,random_70,0.7,157,17090,0.8988297249853716,0.9002131052656395,0.7522819922574473,0.06768083826291624,0.17379799485206604,0.911234640140433,-0.012404915155061369,0.9128934141890478,-0.012680308923408323,0.7764457651095347,-0.024163772852087373,0.06884411443755109,-0.001163276174634853,0.15376870334148407,0.02002929151058197
P4,42,marker_memory,,6,17090,0.9115272088940901,0.9130311219483739,0.7781407873945012,0.07126884483424387,0.1544613540172577,0.911234640140433,0.00029256875365712975,0.9128934141890478,0.00013770775932608892,0.7764457651095347,0.0016950222849665408,0.06884411443755109,0.002424730396692776,0.15376870334148407,0.0006926506757736206
P4,42,marker_tcell,,15,17090,0.9088940901111762,0.9102535836844231,0.7659754081267732,0.07244559268877478,0.15731005370616913,0.911234640140433,-0.002340550029256816,0.9128934141890478,-0.002639830504624685,0.7764457651095347,-0.010470356982761442,0.06884411443755109,0.003601478251223686,0.15376870334148407,0.0035413503646850586
P4,42,rna_only,1.0,224,17090,0.8905207723815096,0.8920497603264869,0.7323790405007596,0.11007074701151283,0.18878468871116638,0.911234640140433,-0.020713867758923366,0.9128934141890478,-0.02084365386256093,0.7764457651095347,-0.04406672460877503,0.06884411443755109,0.04122663257396174,0.15376870334148407,0.03501598536968231
P4,43,full,0.0,0,17090,0.9098303101228788,0.9125615435247219,0.769944114353925,0.06752076795779173,0.15145576000213623,0.9098303101228788,0.0,0.9125615435247219,0.0,0.769944114353925,0.0,0.06752076795779173,0.0,0.15145576000213623,0.0
P4,43,random_10,0.1,22,17090,0.9088355763604447,0.9115376659255556,0.774185318366984,0.06944290740909179,0.15371505916118622,0.9098303101228788,-0.0009947337624341968,0.9125615435247219,-0.001023877599166223,0.769944114353925,0.004241204013059052,0.06752076795779173,0.0019221394513000561,0.15145576000213623,0.002259299159049988
P4,43,random_30,0.3,67,17090,0.904856641310708,0.9065949428639263,0.7577603486684095,0.06798347680801675,0.15900608897209167,0.9098303101228788,-0.004973668812170873,0.9125615435247219,-0.0059666006607955735,0.769944114353925,-0.01218376568551549,0.06752076795779173,0.0004627088502250215,0.15145576000213623,0.007550328969955444
P4,43,random_50,0.5,112,17090,0.898186073727326,0.9008567700548122,0.7458163686267886,0.07351583124793995,0.17058156430721283,0.9098303101228788,-0.011644236395552898,0.9125615435247219,-0.011704773469909613,0.769944114353925,-0.024127745727136385,0.06752076795779173,0.00599506329014822,0.15145576000213623,0.0191258043050766
P4,43,random_70,0.7,157,17090,0.8874195435927443,0.8908037080301818,0.7356570323599925,0.06949143023205613,0.18389156460762024,0.9098303101228788,-0.022410766530134518,0.9125615435247219,-0.021757835494540023,0.769944114353925,-0.03428708199393249,0.06752076795779173,0.001970662274264401,0.15145576000213623,0.03243580460548401
P4,43,marker_memory,,6,17090,0.9052077238150965,0.9086650480344235,0.7624758731552909,0.06983541359262833,0.15793916583061218,0.9098303101228788,-0.004622586307782339,0.9125615435247219,-0.0038964954902983573,0.769944114353925,-0.007468241198634096,0.06752076795779173,0.002314645634836604,0.15145576000213623,0.006483405828475952
P4,43,marker_tcell,,15,17090,0.9047981275599766,0.9081703749724431,0.7585814300329938,0.06856743460984309,0.15849964320659637,0.9098303101228788,-0.0050321825629022765,0.9125615435247219,-0.004391168552278724,0.769944114353925,-0.011362684320931127,0.06752076795779173,0.001046666652051359,0.15145576000213623,0.007043883204460144
P4,43,rna_only,1.0,224,17090,0.8865418373317729,0.8899877477549843,0.7217041837452043,0.11738106320307501,0.1925329864025116,0.9098303101228788,-0.023288472791105908,0.9125615435247219,-0.022573795769737504,0.769944114353925,-0.04823993060872067,0.06752076795779173,0.04986029524528328,0.15145576000213623,0.041077226400375366
P5,41,full,0.0,0,21811,0.9148136261519417,0.915483882179454,0.8252855128207031,0.06308487658419017,0.13969312608242035,0.9148136261519417,0.0,0.915483882179454,0.0,0.8252855128207031,0.0,0.06308487658419017,0.0,0.13969312608242035,0.0
P5,41,random_10,0.1,22,21811,0.9145843840264087,0.9150675720130294,0.8213194440941158,0.06489957367519601,0.14047180116176605,0.9148136261519417,-0.00022924212553299128,0.915483882179454,-0.00041631016642462715,0.8252855128207031,-0.003966068726587224,0.06308487658419017,0.0018146970910058458,0.13969312608242035,0.0007786750793457031
P5,41,random_30,0.3,67,21811,0.9068360001833937,0.907384042519914,0.8119167819096137,0.06734406695444171,0.1511688381433487,0.9148136261519417,-0.007977625968548008,0.915483882179454,-0.008099839659539976,0.8252855128207031,-0.013368730911089366,0.06308487658419017,0.004259190370251548,0.13969312608242035,0.011475712060928345
P5,41,random_50,0.5,112,21811,0.9068360001833937,0.9075065690633484,0.8143879524383721,0.06963007593936753,0.15272678434848785,0.9148136261519417,-0.007977625968548008,0.915483882179454,-0.007977313116105611,0.8252855128207031,-0.010897560382330918,0.06308487658419017,0.006545199355177361,0.13969312608242035,0.013033658266067505
P5,41,random_70,0.7,157,21811,0.9050020631791298,0.9055086096128173,0.8120765760499566,0.07132455493183407,0.1555565893650055,0.9148136261519417,-0.009811562972811938,0.915483882179454,-0.009975272566636662,0.8252855128207031,-0.013208936770746416,0.06308487658419017,0.0082396783476439,0.13969312608242035,0.015863463282585144
P5,41,marker_memory,,6,21811,0.9134381733987438,0.9141757696667009,0.8245126765492138,0.06578304869431993,0.14194419980049133,0.9148136261519417,-0.0013754527531979477,0.915483882179454,-0.0013081125127530902,0.8252855128207031,-0.0007728362714892745,0.06308487658419017,0.002698172110129765,0.13969312608242035,0.002251073718070984
P5,41,marker_tcell,,15,21811,0.9072486360093531,0.9079957407113979,0.8156138510948551,0.06738540794396192,0.15108557045459747,0.9148136261519417,-0.007564990142588601,0.915483882179454,-0.007488141468056098,0.8252855128207031,-0.009671661725847991,0.06308487658419017,0.00430053135977175,0.13969312608242035,0.011392444372177124
P5,41,rna_only,1.0,224,21811,0.8994544037412315,0.9005876092479608,0.7903559217939167,0.11104756474008501,0.174403116106987,0.9148136261519417,-0.015359222410710194,0.915483882179454,-0.014896272931493204,0.8252855128207031,-0.03492959102678639,0.06308487658419017,0.04796268815589484,0.13969312608242035,0.03470999002456665
P5,42,full,0.0,0,21811,0.9185731970106826,0.9183891726735811,0.8302750461520263,0.06309824277342863,0.1305464804172516,0.9185731970106826,0.0,0.9183891726735811,0.0,0.8302750461520263,0.0,0.06309824277342863,0.0,0.1305464804172516,0.0
P5,42,random_10,0.1,22,21811,0.9188941359864289,0.9189171776528643,0.8279065861994197,0.07074264801000552,0.13197429478168488,0.9185731970106826,0.0003209389757462544,0.9183891726735811,0.0005280049792831809,0.8302750461520263,-0.002368459952606594,0.06309824277342863,0.00764440523657689,0.1305464804172516,0.0014278143644332886
P5,42,random_30,0.3,67,21811,0.9133006281234239,0.9133513709675289,0.8163481913477224,0.0840180847401151,0.14325521886348724,0.9185731970106826,-0.0052725688872586884,0.9183891726735811,-0.00503780170605217,0.8302750461520263,-0.01392685480430389,0.06309824277342863,0.020919841966686475,0.1305464804172516,0.012708738446235657
P5,42,random_50,0.5,112,21811,0.9134840218238504,0.913211238624662,0.8182141395304781,0.08691157806630717,0.14359048008918762,0.9185731970106826,-0.005089175186832273,0.9183891726735811,-0.005177934048919086,0.8302750461520263,-0.01206090662154824,0.06309824277342863,0.023813335292878546,0.1305464804172516,0.013043999671936035
P5,42,random_70,0.7,157,21811,0.9101370867910688,0.9090695490834867,0.8134784505705781,0.08683654321616795,0.15096648037433624,0.9185731970106826,-0.00843611021961388,0.9183891726735811,-0.009319623590094417,0.8302750461520263,-0.016796595581448193,0.06309824277342863,0.02373830044273932,0.1305464804172516,0.020419999957084656
P5,42,marker_memory,,6,21811,0.9178396222089771,0.9177299683709507,0.8290771307127152,0.07097308357022859,0.13407522439956665,0.9185731970106826,-0.0007335748017055499,0.9183891726735811,-0.000659204302630445,0.8302750461520263,-0.0011979154393111369,0.06309824277342863,0.007874840796799967,0.1305464804172516,0.0035287439823150635
P5,42,marker_tcell,,15,21811,0.9127045985970382,0.9127256533894867,0.8158332000009211,0.0742546722622883,0.14213262498378754,0.9185731970106826,-0.005868598413644399,0.9183891726735811,-0.005663519284094365,0.8302750461520263,-0.01444184615110522,0.06309824277342863,0.01115642948885967,0.1305464804172516,0.01158614456653595
P5,42,rna_only,1.0,224,21811,0.9033056714501857,0.9039650520403079,0.8012191809752034,0.11878442517665994,0.16976943612098694,0.9185731970106826,-0.01526752556049693,0.9183891726735811,-0.014424120633273252,0.8302750461520263,-0.029055865176822904,0.06309824277342863,0.05568618240323131,0.1305464804172516,0.03922295570373535
P5,43,full,0.0,0,21811,0.9138049607995965,0.914021827805388,0.8200115486610761,0.06339496979509138,0.14077089726924896,0.9138049607995965,0.0,0.914021827805388,0.0,0.8200115486610761,0.0,0.06339496979509138,0.0,0.14077089726924896,0.0
P5,43,random_10,0.1,22,21811,0.9137132639493833,0.9140390754286759,0.820841358622467,0.06604263714154418,0.1415259689092636,0.9138049607995965,-9.16968502131521e-05,0.914021827805388,1.724762328791929e-05,0.8200115486610761,0.000829809961390926,0.06339496979509138,0.0026476673464528033,0.14077089726924896,0.0007550716400146484
P5,43,random_30,0.3,67,21811,0.914767777726835,0.9146375237968638,0.8261424666439293,0.07016700978229594,0.14078283309936523,0.9138049607995965,0.0009628169272385412,0.914021827805388,0.0006156959914758176,0.8200115486610761,0.006130917982853257,0.06339496979509138,0.006772039987204562,0.14077089726924896,1.1935830116271973e-05
P5,43,random_50,0.5,112,21811,0.9105955710421347,0.9107245293532883,0.8149234786069661,0.07711621411228425,0.14926311373710632,0.9138049607995965,-0.003209389757461767,0.914021827805388,-0.003297298452099695,0.8200115486610761,-0.005088070054109939,0.06339496979509138,0.013721244317192877,0.14077089726924896,0.00849221646785736
P5,43,random_70,0.7,157,21811,0.9095410572646829,0.9097988060002458,0.8105439682556724,0.07797163579378806,0.15102262794971466,0.9138049607995965,-0.004263903534913571,0.914021827805388,-0.004223021805142224,0.8200115486610761,-0.00946758040540363,0.06339496979509138,0.014576665998696683,0.14077089726924896,0.010251730680465698
P5,43,marker_memory,,6,21811,0.9145843840264087,0.9149151170754608,0.8245246495866968,0.0688178789434721,0.1405816227197647,0.9138049607995965,0.000779423226812237,0.914021827805388,0.0008932892700728168,0.8200115486610761,0.004513100925620739,0.06339496979509138,0.005422909148380728,0.14077089726924896,-0.00018927454948425293
P5,43,marker_tcell,,15,21811,0.9090367245885104,0.9091521122898734,0.8036345193809861,0.06894978102450139,0.15050959587097168,0.9138049607995965,-0.00476823621108613,0.914021827805388,-0.004869715515514628,0.8200115486610761,-0.016377029280089994,0.06339496979509138,0.005554811229410012,0.14077089726924896,0.009738698601722717
P5,43,rna_only,1.0,224,21811,0.9018843702718812,0.9029595791210263,0.7899008236268495,0.13023551832470365,0.18006964027881622,0.9138049607995965,-0.011920590527715325,0.914021827805388,-0.011062248684361675,0.8200115486610761,-0.030110725034226515,0.06339496979509138,0.06684054852961227,0.14077089726924896,0.03929874300956726
P6,41,full,0.0,0,20742,0.9047343554141356,0.9019539858564094,0.7895676065130494,0.05986475531687482,0.16033414006233215,0.9047343554141356,0.0,0.9019539858564094,0.0,0.7895676065130494,0.0,0.05986475531687482,0.0,0.16033414006233215,0.0
P6,41,random_10,0.1,22,20742,0.9005881785748723,0.8970781681974177,0.7860564206440586,0.061364712306577474,0.16573284566402435,0.9047343554141356,-0.004146176839263327,0.9019539858564094,-0.004875817658991699,0.7895676065130494,-0.003511185868990796,0.05986475531687482,0.0014999569897026568,0.16033414006233215,0.0053987056016922
P6,41,random_30,0.3,67,20742,0.897068749397358,0.8939225411924514,0.776539996711243,0.06573750225951205,0.17006951570510864,0.9047343554141356,-0.007665606016777571,0.9019539858564094,-0.008031444663957998,0.7895676065130494,-0.013027609801806395,0.05986475531687482,0.005872746942637237,0.16033414006233215,0.00973537564277649
P6,41,random_50,0.5,112,20742,0.8980329765692797,0.8969756144792241,0.7641924019763884,0.06845909387351701,0.17216922342777252,0.9047343554141356,-0.0067013788448558875,0.9019539858564094,-0.0049783713771852645,0.7895676065130494,-0.025375204536660978,0.05986475531687482,0.00859433855664219,0.16033414006233215,0.011835083365440369
P6,41,random_70,0.7,157,20742,0.885739080127278,0.8838396370168488,0.7564985670138228,0.06789789233285234,0.18861883878707886,0.9047343554141356,-0.018995275286857627,0.9019539858564094,-0.018114348839560646,0.7895676065130494,-0.03306903949922657,0.05986475531687482,0.008033137015977528,0.16033414006233215,0.028284698724746704
P6,41,marker_memory,,6,20742,0.9029505351460804,0.9005410209678829,0.7787654101974948,0.06253838530430833,0.1623627245426178,0.9047343554141356,-0.0017838202680552362,0.9019539858564094,-0.0014129648885264912,0.7895676065130494,-0.010802196315554569,0.05986475531687482,0.0026736299874335137,0.16033414006233215,0.0020285844802856445
P6,41,marker_tcell,,15,20742,0.9000096422717192,0.8974561700163058,0.7704605375210544,0.06516157679792119,0.16835226118564606,0.9047343554141356,-0.0047247131424164035,0.9019539858564094,-0.004497815840103558,0.7895676065130494,-0.01910706899199499,0.05986475531687482,0.00529682148104637,0.16033414006233215,0.008018121123313904
P6,41,rna_only,1.0,224,20742,0.8774467264487513,0.8762331693448275,0.7271312877593509,0.10572897879242114,0.21197175979614258,0.9047343554141356,-0.02728762896538428,0.9019539858564094,-0.025720816511581868,0.7895676065130494,-0.06243631875369848,0.05986475531687482,0.04586422347554633,0.16033414006233215,0.051637619733810425
P6,42,full,0.0,0,20742,0.9065181756821907,0.9024089959032622,0.7779927388633286,0.07390643058899868,0.17048799991607666,0.9065181756821907,0.0,0.9024089959032622,0.0,0.7779927388633286,0.0,0.07390643058899868,0.0,0.17048799991607666,0.0
P6,42,random_10,0.1,22,20742,0.9033362260148491,0.8990381978895683,0.7758431863533634,0.0780545011925704,0.17575934529304504,0.9065181756821907,-0.0031819496673416436,0.9024089959032622,-0.0033707980136938875,0.7779927388633286,-0.0021495525099652912,0.07390643058899868,0.004148070603571724,0.17048799991607666,0.005271345376968384
P6,42,random_30,0.3,67,20742,0.9040111850351943,0.9004367019630873,0.7733680496200008,0.07650340254299208,0.17425745725631714,0.9065181756821907,-0.002506990646996443,0.9024089959032622,-0.0019722939401748407,0.7779927388633286,-0.0046246892433278175,0.07390643058899868,0.0025969719539934016,0.17048799991607666,0.0037694573402404785
P6,42,random_50,0.5,112,20742,0.8997685854787388,0.895246427075364,0.7690171789091474,0.07844873222379384,0.18312540650367737,0.9065181756821907,-0.006749590203451894,0.9024089959032622,-0.00716256882789823,0.7779927388633286,-0.0089755599541812,0.07390643058899868,0.0045423016347951595,0.17048799991607666,0.012637406587600708
P6,42,random_70,0.7,157,20742,0.9010702921608331,0.8970359732066232,0.7673710222772927,0.07469156493845278,0.18033303320407867,0.9065181756821907,-0.0054478835213576104,0.9024089959032622,-0.005373022696638974,0.7779927388633286,-0.010621716586035945,0.07390643058899868,0.0007851343494540974,0.17048799991607666,0.009845033288002014
P6,42,marker_memory,,6,20742,0.9063253302478064,0.9024257528305386,0.7832603274579665,0.07548580352741754,0.17111213505268097,0.9065181756821907,-0.00019284543438435886,0.9024089959032622,1.6756927276428968e-05,0.7779927388633286,0.005267588594637829,0.07390643058899868,0.001579372938418866,0.17048799991607666,0.0006241351366043091
P6,42,marker_tcell,,15,20742,0.9031433805804647,0.8993376630451982,0.7722094873319252,0.07614999333445586,0.17632637917995453,0.9065181756821907,-0.0033747951017260025,0.9024089959032622,-0.0030713328580639354,0.7779927388633286,-0.005783251531403466,0.07390643058899868,0.0022435627454571866,0.17048799991607666,0.005838379263877869
P6,42,rna_only,1.0,224,20742,0.8947063928261498,0.8899481941989364,0.7500668077214212,0.08168950776345314,0.18265725672245026,0.9065181756821907,-0.011811782856040898,0.9024089959032622,-0.01246080170432573,0.7779927388633286,-0.027925931141907445,0.07390643058899868,0.007783077174454464,0.17048799991607666,0.012169256806373596
P6,43,full,0.0,0,20742,0.905553948510269,0.9037149716263106,0.7834317646871952,0.05848389153608808,0.16283102333545685,0.905553948510269,0.0,0.9037149716263106,0.0,0.7834317646871952,0.0,0.05848389153608808,0.0,0.16283102333545685,0.0
P6,43,random_10,0.1,22,20742,0.9066145983993829,0.9048980489717658,0.7980822619585095,0.06111407461581102,0.16348707675933838,0.905553948510269,0.0010606498891138072,0.9037149716263106,0.0011830773454551968,0.7834317646871952,0.014650497271314289,0.05848389153608808,0.002630183079722938,0.16283102333545685,0.0006560534238815308
P6,43,random_30,0.3,67,20742,0.9011185035194291,0.8990510763015195,0.776736128635488,0.05850798106635508,0.16964590549468994,0.905553948510269,-0.004435444990839921,0.9037149716263106,-0.004663895324791167,0.7834317646871952,-0.006695636051707199,0.05848389153608808,2.408953026700189e-05,0.16283102333545685,0.006814882159233093
P6,43,random_50,0.5,112,20742,0.9027094783531,0.9018396960800683,0.7652713856729444,0.06054262135857821,0.16930025815963745,0.905553948510269,-0.0028444701571690434,0.9037149716263106,-0.0018752755462423387,0.7834317646871952,-0.018160379014250827,0.05848389153608808,0.002058729822490127,0.16283102333545685,0.006469234824180603
P6,43,random_70,0.7,157,20742,0.9002024877061036,0.8991370250912132,0.7725173317388111,0.05751823261883079,0.17236290872097015,0.905553948510269,-0.0053514608041654865,0.9037149716263106,-0.004577946535097466,0.7834317646871952,-0.010914432948384123,0.05848389153608808,-0.0009656589172572921,0.16283102333545685,0.009531885385513306
P6,43,marker_memory,,6,20742,0.9053611030758847,0.9036667022787187,0.7829402557824692,0.05978370807499556,0.16390752792358398,0.905553948510269,-0.00019284543438435886,0.9037149716263106,-4.82693475919449e-05,0.7834317646871952,-0.0004915089047260457,0.05848389153608808,0.0012998165389074834,0.16283102333545685,0.0010765045881271362
P6,43,marker_tcell,,15,20742,0.9025166329187156,0.9008359901737975,0.7809686281589837,0.06097956181503564,0.16862349212169647,0.905553948510269,-0.0030373155915534022,0.9037149716263106,-0.0028789814525131963,0.7834317646871952,-0.002463136528211507,0.05848389153608808,0.002495670278947558,0.16283102333545685,0.005792468786239624
P6,43,rna_only,1.0,224,20742,0.8882460707742744,0.8858200190639783,0.7445121678032639,0.0852482736393739,0.18775548040866852,0.905553948510269,-0.017307877735994626,0.9037149716263106,-0.01789495256233231,0.7834317646871952,-0.03891959688393132,0.05848389153608808,0.02676438210328582,0.16283102333545685,0.02492445707321167
P7,41,full,0.0,0,25871,0.9163928723280894,0.9151487970313437,0.7943082577470482,0.08347947363034,0.14128604531288147,0.9163928723280894,0.0,0.9151487970313437,0.0,0.7943082577470482,0.0,0.08347947363034,0.0,0.14128604531288147,0.0
P7,41,random_10,0.1,22,25871,0.9165474856016389,0.9150905041983555,0.7957685811080457,0.08604669370338051,0.14112235605716705,0.9163928723280894,0.0001546132735494865,0.9151487970313437,-5.8292832988193766e-05,0.7943082577470482,0.0014603233609975508,0.08347947363034,0.002567220073040513,0.14128604531288147,-0.0001636892557144165
P7,41,random_30,0.3,67,25871,0.9152719260948552,0.9136626076825227,0.7915266938618284,0.10359958524370325,0.14734506607055664,0.9163928723280894,-0.0011209462332342213,0.9151487970313437,-0.0014861893488209432,0.7943082577470482,-0.0027815638852197733,0.08347947363034,0.020120111613363245,0.14128604531288147,0.006059020757675171
P7,41,random_50,0.5,112,25871,0.9107494878435314,0.9095541484836117,0.7793894849550586,0.11455612669193004,0.1546233743429184,0.9163928723280894,-0.005643384484558034,0.9151487970313437,-0.005594648547731951,0.7943082577470482,-0.01491877279198961,0.08347947363034,0.031076653061590034,0.14128604531288147,0.013337329030036926
P7,41,random_70,0.7,157,25871,0.9081597155115767,0.9057143276468587,0.7640461820023056,0.11832019353091688,0.1605055332183838,0.9163928723280894,-0.00823315681651271,0.9151487970313437,-0.009434469384485,0.7943082577470482,-0.0302620757447426,0.08347947363034,0.03484071990057688,0.14128604531288147,0.01921948790550232
P7,41,marker_memory,,6,25871,0.9153878860500174,0.9144535386547403,0.79438574586365,0.09589381873490137,0.14508874714374542,0.9163928723280894,-0.0010049862780719954,0.9151487970313437,-0.000695258376603336,0.7943082577470482,7.748811660179822e-05,0.08347947363034,0.012414345104561367,0.14128604531288147,0.0038027018308639526
P7,41,marker_tcell,,15,25871,0.910208341386108,0.9092346952434164,0.7783668379535691,0.09833710137896513,0.152284637093544,0.9163928723280894,-0.006184530941981459,0.9151487970313437,-0.005914101787927284,0.7943082577470482,-0.015941419793479072,0.08347947363034,0.014857627748625132,0.14128604531288147,0.010998591780662537
P7,41,rna_only,1.0,224,25871,0.9025936376637934,0.9017998451261721,0.7523156328804194,0.16353842122956538,0.1893843710422516,0.9163928723280894,-0.013799234664296,0.9151487970313437,-0.013348951905171602,0.7943082577470482,-0.0419926248666288,0.08347947363034,0.08005894759922538,0.14128604531288147,0.04809832572937012
P7,42,full,0.0,0,25871,0.9156198059603416,0.9144615760040978,0.8095720906085845,0.08552655745730375,0.15352915227413177,0.9156198059603416,0.0,0.9144615760040978,0.0,0.8095720906085845,0.0,0.08552655745730375,0.0,0.15352915227413177,0.0
P7,42,random_10,0.1,22,25871,0.9153105794132427,0.9139933839575544,0.8098339376220798,0.08440148992724791,0.15448817610740662,0.9156198059603416,-0.000309226547098973,0.9144615760040978,-0.0004681920465434697,0.8095720906085845,0.0002618470134952977,0.08552655745730375,-0.00112506753005584,0.15352915227413177,0.0009590238332748413
P7,42,random_30,0.3,67,25871,0.9111360210274052,0.9095131850802651,0.7933675085383625,0.08597178582956959,0.16106180846691132,0.9156198059603416,-0.004483784932936441,0.9144615760040978,-0.004948390923832702,0.8095720906085845,-0.016204582070222018,0.08552655745730375,0.0004452283722658351,0.15352915227413177,0.007532656192779541
P7,42,random_50,0.5,112,25871,0.9113679409377295,0.909401333152026,0.791808819639242,0.08801340924809267,0.1608007550239563,0.9156198059603416,-0.0042518650226121,0.9144615760040978,-0.00506024285207185,0.8095720906085845,-0.017763270969342493,0.08552655745730375,0.0024868517907889187,0.15352915227413177,0.007271602749824524
P7,42,random_70,0.7,157,25871,0.9080824088748018,0.9064700108290088,0.7829230853603523,0.08212842773063658,0.16610419750213623,0.9156198059603416,-0.007537397085539799,0.9144615760040978,-0.007991565175089033,0.8095720906085845,-0.026649005248232216,0.08552655745730375,-0.0033981297266671706,0.15352915227413177,0.012575045228004456
P7,42,marker_memory,,6,25871,0.915040006184531,0.913826661090828,0.8089478155904473,0.08558978952600203,0.15491031110286713,0.9156198059603416,-0.0005797997758106854,0.9144615760040978,-0.0006349149132698351,0.8095720906085845,-0.0006242750181372214,0.08552655745730375,6.323206869827958e-05,0.15352915227413177,0.0013811588287353516
P7,42,marker_tcell,,15,25871,0.9133392601754861,0.9121540658166573,0.7988829825558948,0.08318624091955437,0.158077672123909,0.9156198059603416,-0.002280545784855592,0.9144615760040978,-0.0023075101874405757,0.8095720906085845,-0.010689108052689633,0.08552655745730375,-0.0023403165377493818,0.15352915227413177,0.004548519849777222
P7,42,rna_only,1.0,224,25871,0.9013180781570098,0.8998261203746618,0.7594200317195398,0.10403698097302048,0.17267131805419922,0.9156198059603416,-0.014301727803331832,0.9144615760040978,-0.014635455629436023,0.8095720906085845,-0.050152058889044726,0.08552655745730375,0.01851042351571673,0.15352915227413177,0.019142165780067444
P7,43,full,0.0,0,25871,0.9177070851532604,0.9166635399296464,0.8164844643574637,0.0830380858110518,0.1513068526983261,0.9177070851532604,0.0,0.9166635399296464,0.0,0.8164844643574637,0.0,0.0830380858110518,0.0,0.1513068526983261,0.0
P7,43,random_10,0.1,22,25871,0.9165474856016389,0.915393726238035,0.8127462425449125,0.08268477661408932,0.15415506064891815,0.9177070851532604,-0.0011595995516214819,0.9166635399296464,-0.0012698136916113878,0.8164844643574637,-0.0037382218125512345,0.0830380858110518,-0.0003533091969624841,0.1513068526983261,0.002848207950592041
P7,43,random_30,0.3,67,25871,0.9148080862742066,0.9134477809234218,0.8045051253020187,0.08376550999809196,0.1560475081205368,0.9177070851532604,-0.00289899887905376,0.9166635399296464,-0.0032157590062246166,0.8164844643574637,-0.011979339055445015,0.0830380858110518,0.0007274241870401515,0.1513068526983261,0.004740655422210693
P7,43,random_50,0.5,112,25871,0.9091647017896486,0.9077414602034571,0.7794878572048403,0.08471251399408958,0.16588254272937775,0.9177070851532604,-0.008542383363611794,0.9166635399296464,-0.008922079726189303,0.8164844643574637,-0.03699660715262343,0.0830380858110518,0.001674428183037771,0.1513068526983261,0.014575690031051636
P7,43,random_70,0.7,157,25871,0.9067681960496309,0.9049708920462509,0.7711924986190336,0.08454310903112924,0.1690494269132614,0.9177070851532604,-0.010938889103629501,0.9166635399296464,-0.011692647883395524,0.8164844643574637,-0.045291965738430084,0.0830380858110518,0.0015050232200774366,0.1513068526983261,0.017742574214935303
P7,43,marker_memory,,6,25871,0.9162382590545398,0.9153681314319817,0.8128215312584596,0.08373452003887286,0.15390364825725555,0.9177070851532604,-0.001468826098720566,0.9166635399296464,-0.0012954084976647406,0.8164844643574637,-0.0036629330990041176,0.0830380858110518,0.0006964342278210495,0.1513068526983261,0.0025967955589294434
P7,43,marker_tcell,,15,25871,0.9132619535387113,0.9124260583984226,0.8005631303062131,0.08581870882881887,0.1583389937877655,0.9177070851532604,-0.004445131614549069,0.9166635399296464,-0.00423748153122383,0.8164844643574637,-0.015921334051250624,0.0830380858110518,0.0027806230177670616,0.1513068526983261,0.007032141089439392
P7,43,rna_only,1.0,224,25871,0.9014340381121719,0.9003650887232403,0.7609756327064928,0.10333181419042084,0.17147505283355713,0.9177070851532604,-0.01627304704108845,0.9166635399296464,-0.01629845120640616,0.8164844643574637,-0.05550883165097087,0.0830380858110518,0.020293728379369033,0.1513068526983261,0.020168200135231018
P8,41,full,0.0,0,26250,0.9019047619047619,0.9002985549373836,0.8231987954324204,0.07365571980816982,0.17062315344810486,0.9019047619047619,0.0,0.9002985549373836,0.0,0.8231987954324204,0.0,0.07365571980816982,0.0,0.17062315344810486,0.0
P8,41,random_10,0.1,22,26250,0.9025904761904762,0.9011021595511257,0.8260472305724885,0.07669651947816214,0.1711011528968811,0.9019047619047619,0.0006857142857142895,0.9002985549373836,0.0008036046137420705,0.8231987954324204,0.002848435140068162,0.07365571980816982,0.0030407996699923223,0.17062315344810486,0.0004779994487762451
P8,41,random_30,0.3,67,26250,0.8955809523809524,0.8933300346077666,0.8167119515093051,0.0799537784593446,0.1799631118774414,0.9019047619047619,-0.006323809523809509,0.9002985549373836,-0.006968520329617034,0.8231987954324204,-0.006486843923115271,0.07365571980816982,0.006298058651174776,0.17062315344810486,0.009339958429336548
P8,41,random_50,0.5,112,26250,0.8872380952380953,0.8849191512926583,0.7853404830105519,0.0762277451835928,0.19141420722007751,0.9019047619047619,-0.014666666666666606,0.9002985549373836,-0.015379403644725342,0.8231987954324204,-0.037858312421868434,0.07365571980816982,0.002572025375422976,0.17062315344810486,0.020791053771972656
P8,41,random_70,0.7,157,26250,0.8884952380952381,0.8858658211772257,0.7941005200567625,0.07861611911938308,0.19046780467033386,0.9019047619047619,-0.01340952380952376,0.9002985549373836,-0.014432733760157967,0.8231987954324204,-0.0290982753756579,0.07365571980816982,0.004960399311213268,0.17062315344810486,0.019844651222229004
P8,41,marker_memory,,6,26250,0.9020952380952381,0.9008510995606792,0.8248391019417908,0.07706971989302408,0.17139194905757904,0.9019047619047619,0.00019047619047618536,0.9002985549373836,0.00055254462329557,0.8231987954324204,0.001640306509370415,0.07365571980816982,0.003414000084854263,0.17062315344810486,0.0007687956094741821
P8,41,marker_tcell,,15,26250,0.8954285714285715,0.8934524166238923,0.8074651514630647,0.0758306600519589,0.1800648421049118,0.9019047619047619,-0.006476190476190413,0.9002985549373836,-0.006846138313491346,0.8231987954324204,-0.015733643969355615,0.07365571980816982,0.0021749402437890863,0.17062315344810486,0.009441688656806946
P8,41,rna_only,1.0,224,26250,0.8800761904761905,0.8776181833174246,0.7705662611487822,0.10484707192466372,0.2015160471200943,0.9019047619047619,-0.02182857142857142,0.9002985549373836,-0.02268037161995906,0.8231987954324204,-0.05263253428363812,0.07365571980816982,0.031191352116493903,0.17062315344810486,0.03089289367198944
P8,42,full,0.0,0,26250,0.9067047619047619,0.9057866545999752,0.8130727301160681,0.0725237138697079,0.1650031954050064,0.9067047619047619,0.0,0.9057866545999752,0.0,0.8130727301160681,0.0,0.0725237138697079,0.0,0.1650031954050064,0.0
P8,42,random_10,0.1,22,26250,0.9055238095238095,0.9044993284996665,0.8097187738788498,0.0727278891140506,0.16693635284900665,0.9067047619047619,-0.0011809523809523936,0.9057866545999752,-0.0012873261003086833,0.8130727301160681,-0.0033539562372182363,0.0725237138697079,0.00020417524434269974,0.1650031954050064,0.0019331574440002441
P8,42,random_30,0.3,67,26250,0.8964571428571428,0.8950392303169453,0.7951328202403571,0.07477318242618014,0.18010783195495605,0.9067047619047619,-0.010247619047619061,0.9057866545999752,-0.010747424283029883,0.8130727301160681,-0.017939909875710924,0.0725237138697079,0.002249468556472234,0.1650031954050064,0.015104636549949646
P8,42,random_50,0.5,112,26250,0.8974857142857143,0.8961454150104136,0.7924771542768916,0.07406766486962638,0.17802104353904724,0.9067047619047619,-0.009219047619047571,0.9057866545999752,-0.009641239589561645,0.8130727301160681,-0.020595575839176483,0.0725237138697079,0.0015439509999184697,0.1650031954050064,0.013017848134040833
P8,42,random_70,0.7,157,26250,0.8881523809523809,0.8861498847414702,0.7814328019272454,0.07254465559579075,0.19298802316188812,0.9067047619047619,-0.018552380952380987,0.9057866545999752,-0.019636769858505043,0.8130727301160681,-0.031639928188822664,0.0725237138697079,2.094172608284317e-05,0.1650031954050064,0.027984827756881714
P8,42,marker_memory,,6,26250,0.9058666666666667,0.905159093292719,0.8150263430970184,0.07359918839420593,0.16727818548679352,0.9067047619047619,-0.0008380952380951934,0.9057866545999752,-0.0006275613072561637,0.8130727301160681,0.0019536129809503144,0.0725237138697079,0.0010754745244980213,0.1650031954050064,0.0022749900817871094
P8,42,marker_tcell,,15,26250,0.8997333333333334,0.8985253793373491,0.8017379479984723,0.07655773230620792,0.17578552663326263,0.9067047619047619,-0.006971428571428517,0.9057866545999752,-0.007261275262626099,0.8130727301160681,-0.011334782117595754,0.0725237138697079,0.004034018436500017,0.1650031954050064,0.010782331228256226
P8,42,rna_only,1.0,224,26250,0.8864380952380952,0.8850673049700468,0.7884975252191864,0.09742110278350967,0.1892857700586319,0.9067047619047619,-0.020266666666666655,0.9057866545999752,-0.020719349629928385,0.8130727301160681,-0.024575204896881697,0.0725237138697079,0.024897388913801763,0.1650031954050064,0.02428257465362549
P8,43,full,0.0,0,26250,0.9123809523809524,0.9114566937002111,0.8163912991974362,0.07383868632685574,0.14440271258354187,0.9123809523809524,0.0,0.9114566937002111,0.0,0.8163912991974362,0.0,0.07383868632685574,0.0,0.14440271258354187,0.0
P8,43,random_10,0.1,22,26250,0.9102476190476191,0.9090813603822847,0.8123640525058256,0.075634925056923,0.14765039086341858,0.9123809523809524,-0.0021333333333333204,0.9114566937002111,-0.002375333317926387,0.8163912991974362,-0.0040272466916106975,0.07383868632685574,0.0017962387300672622,0.14440271258354187,0.003247678279876709
P8,43,random_30,0.3,67,26250,0.9055238095238095,0.904463834418793,0.8012224136574642,0.08025245643513541,0.15642456710338593,0.9123809523809524,-0.006857142857142895,0.9114566937002111,-0.006992859281418129,0.8163912991974362,-0.015168885539972088,0.07383868632685574,0.006413770108279676,0.14440271258354187,0.012021854519844055
P8,43,random_50,0.5,112,26250,0.904304761904762,0.9032331780608689,0.8017076489318181,0.0853029104664212,0.1579185277223587,0.9123809523809524,-0.008076190476190459,0.9114566937002111,-0.008223515639342205,0.8163912991974362,-0.014683650265618131,0.07383868632685574,0.011464224139565465,0.14440271258354187,0.013515815138816833
P8,43,random_70,0.7,157,26250,0.8971428571428571,0.896035655822633,0.7825405464626428,0.09333906676031295,0.17127388715744019,0.9123809523809524,-0.015238095238095273,0.9114566937002111,-0.015421037877578092,0.8163912991974362,-0.03385075273479343,0.07383868632685574,0.019500380433457212,0.14440271258354187,0.026871174573898315
P8,43,marker_memory,,6,26250,0.909295238095238,0.9087222946296691,0.8094837964148535,0.07982864147963979,0.1491556167602539,0.9123809523809524,-0.0030857142857143582,0.9114566937002111,-0.0027343990705419596,0.8163912991974362,-0.006907502782582786,0.07383868632685574,0.0059899551527840544,0.14440271258354187,0.004752904176712036
P8,43,marker_tcell,,15,26250,0.9060571428571429,0.9054607312210345,0.804652475613475,0.08234848297593139,0.15619221329689026,0.9123809523809524,-0.006323809523809509,0.9114566937002111,-0.005995962479176553,0.8163912991974362,-0.011738823583961278,0.07383868632685574,0.008509796649075654,0.14440271258354187,0.011789500713348389
P8,43,rna_only,1.0,224,26250,0.8868952380952381,0.8866595653890061,0.7568794437155465,0.11588912327232816,0.19067130982875824,0.9123809523809524,-0.025485714285714334,0.9114566937002111,-0.024797128311204952,0.8163912991974362,-0.05951185548188975,0.07383868632685574,0.04205043694547242,0.14440271258354187,0.04626859724521637
