test_donor,seed,method,accuracy,weighted_f1,macro_f1,balanced_accuracy
P1,41,raw_margin_gate,0.9142542045767852,0.9141582039950453,0.8101684828781625,0.8272944359738422
P1,41,uniform_fusion,0.9160738902674387,0.9160172446353881,0.8176450402585268,0.8339142873766817
P1,41,train_scaled_margin_gate,0.9129859387923904,0.9129761035128148,0.8048491300324553,0.8171043052794866
P1,41,train_scaled_margin_gate_hsr,0.9133719327267714,0.9134213626598625,0.8049739641164342,0.8170853047892203
P1,42,raw_margin_gate,0.9106148331954783,0.9114109953787409,0.8061654713567191,0.8399373120779751
P1,42,uniform_fusion,0.9122139509236283,0.9130272412573199,0.812821151237078,0.845737264095061
P1,42,train_scaled_margin_gate,0.9110559691204853,0.9115575955881434,0.8018845771785784,0.8282223418940929
P1,42,train_scaled_margin_gate_hsr,0.9109456851392336,0.9116583482985068,0.8011445192089895,0.8275653522417922
P1,43,raw_margin_gate,0.9111111111111111,0.9102850790475454,0.8089278684447564,0.824542885609821
P1,43,uniform_fusion,0.9128205128205128,0.9120138280849553,0.8091072330102697,0.8231531331928453
P1,43,train_scaled_margin_gate,0.9119933829611249,0.9112901786348131,0.8063337833093182,0.8191501023444698
P1,43,train_scaled_margin_gate_hsr,0.91232423490488,0.9116625679090207,0.8066902769050298,0.8193098439286651
P2,41,raw_margin_gate,0.9143853530950306,0.9143632299069989,0.8253805008074494,0.8343778820734766
P2,41,uniform_fusion,0.9145597210113339,0.9146061236690025,0.8286658642146818,0.839903076198826
P2,41,train_scaled_margin_gate,0.9158384190642255,0.9149526769160082,0.8257069109910018,0.8314859792618109
P2,41,train_scaled_margin_gate_hsr,0.9154315605928509,0.9146262606623942,0.8252273400652654,0.8298731063549553
P2,42,raw_margin_gate,0.9115954664341761,0.9100842224604184,0.8137772668673348,0.8269947974381262
P2,42,uniform_fusion,0.9136878814298169,0.9123774957866319,0.8193644533595683,0.8314502805321432
P2,42,train_scaled_margin_gate,0.9136297587910491,0.911847967252721,0.8337688133832151,0.8357982983618885
P2,42,train_scaled_margin_gate_hsr,0.9129322871258355,0.9111114821617892,0.8328635545886386,0.8348525558016829
P2,43,raw_margin_gate,0.9183958151700087,0.9170875940921003,0.8249169656297597,0.8156322926745732
P2,43,uniform_fusion,0.9199651264167393,0.9186313239684447,0.8296770174779129,0.8198882020719677
P2,43,train_scaled_margin_gate,0.9174658529497239,0.9157273418739712,0.8238218689975387,0.8145067924988517
P2,43,train_scaled_margin_gate_hsr,0.9172333623946527,0.9154451561084146,0.8225820823921531,0.8127653178932392
P3,41,raw_margin_gate,0.9038199181446112,0.9006028545497744,0.7997418673090668,0.8187996332226612
P3,41,uniform_fusion,0.9051159618008185,0.9018208890139118,0.8034327828421656,0.8206125120920345
P3,41,train_scaled_margin_gate,0.9044338335607094,0.9003863506832844,0.7971549255897136,0.8148313716127993
P3,41,train_scaled_margin_gate_hsr,0.9051159618008185,0.9010817755870103,0.7983215500443069,0.8151991152542999
P3,42,raw_margin_gate,0.9058663028649386,0.9005582476713477,0.7851793582839314,0.7747213471784168
P3,42,uniform_fusion,0.9077762619372443,0.9024698734321214,0.7876332554445047,0.7771236687552516
P3,42,train_scaled_margin_gate,0.9078444747612551,0.902085035653125,0.7880350622177601,0.7808729492830208
P3,42,train_scaled_margin_gate_hsr,0.9077080491132333,0.9020063974496388,0.7887187187899805,0.7804932302390188
P3,43,raw_margin_gate,0.9068212824010914,0.9018339053077229,0.7802462324905765,0.7757540903331395
P3,43,uniform_fusion,0.9075716234652115,0.9020666077518902,0.78459515796761,0.7758459069265132
P3,43,train_scaled_margin_gate,0.9086630286493861,0.9030565849364319,0.7799596907855068,0.7801880444737845
P3,43,train_scaled_margin_gate_hsr,0.908731241473397,0.9031780303616663,0.7814118821194153,0.7807434624000511
P4,41,raw_margin_gate,0.9169104739613809,0.9169821420144998,0.7826139291805355,0.768964994788531
P4,41,uniform_fusion,0.916500877706261,0.9167367148497664,0.7805760314209597,0.7677355671162304
P4,41,train_scaled_margin_gate,0.9093622001170275,0.9114267309845678,0.7728509214392816,0.7642414761223906
P4,41,train_scaled_margin_gate_hsr,0.9094207138677589,0.9114842474102078,0.774756674672595,0.764711191751386
P4,42,raw_margin_gate,0.9088355763604447,0.9106628554723593,0.7712516418122352,0.7710451010827174
P4,42,uniform_fusion,0.911234640140433,0.9131510033016909,0.7764578831377146,0.7743395402545354
P4,42,train_scaled_margin_gate,0.905675833820948,0.9095220234047258,0.7747828766853292,0.7768570195285541
P4,42,train_scaled_margin_gate_hsr,0.9055002925687536,0.9093211352607531,0.7762605023437346,0.776782790878787
P4,43,raw_margin_gate,0.914569923932124,0.9164281504633269,0.7844787475558672,0.7866795505658564
P4,43,uniform_fusion,0.914569923932124,0.9166391168818532,0.7837719467645088,0.7856356639628539
P4,43,train_scaled_margin_gate,0.9118197776477472,0.9144451238033059,0.7786260725121253,0.7836391332319157
P4,43,train_scaled_margin_gate_hsr,0.9109420713867759,0.9136609384144999,0.778572573903701,0.7834518697431212
P5,41,raw_margin_gate,0.914767777726835,0.9150129377327553,0.8339948663508016,0.8429709846399535
P5,41,uniform_fusion,0.915455504103434,0.9157450267431605,0.8375093876551596,0.8449815371812059
P5,41,train_scaled_margin_gate,0.9132089312732108,0.9129726257201598,0.8289719319804753,0.8372404275703972
P5,41,train_scaled_margin_gate_hsr,0.9133923249736372,0.9131850348280652,0.8307228700429813,0.838865821277203
P5,42,raw_margin_gate,0.9171518958323781,0.9178241264867901,0.8353475050450934,0.8442975696848197
P5,42,uniform_fusion,0.9176562285085508,0.9184344545086094,0.8363606776634518,0.8495516549865895
P5,42,train_scaled_margin_gate,0.9171518958323781,0.9176129178254324,0.8403808611591558,0.8462523774808729
P5,42,train_scaled_margin_gate_hsr,0.9168768052817385,0.9173413484859887,0.8393336832861459,0.8449179169339726
P5,43,raw_margin_gate,0.9088074824629774,0.9076231994453161,0.8248386583229359,0.8387981298360995
P5,43,uniform_fusion,0.9098619962404292,0.9088590783859992,0.8254909734080872,0.8387635755809576
P5,43,train_scaled_margin_gate,0.9089908761634038,0.9077893270583361,0.8178501292091691,0.8324344647918751
P5,43,train_scaled_margin_gate_hsr,0.9087616340378708,0.9075527056867343,0.8175495243787028,0.8316070912216703
P6,41,raw_margin_gate,0.908350207308842,0.9054962052373082,0.7985901196858645,0.7998579448197257
P6,41,uniform_fusion,0.9097965480667245,0.9070070740100246,0.8021116628666488,0.8030653689409509
P6,41,train_scaled_margin_gate,0.9098929707839167,0.9073116992015148,0.8040015982935873,0.8001222773995167
P6,41,train_scaled_margin_gate_hsr,0.9092662231221675,0.9065862068250977,0.8010478334637116,0.7942433700279373
P6,42,raw_margin_gate,0.907241346061132,0.905142110886489,0.7983596316437146,0.7901173717078942
P6,42,uniform_fusion,0.9076752482884968,0.9054260699181322,0.8002203368339538,0.7932531077195065
P6,42,train_scaled_margin_gate,0.9075788255713046,0.9055198269559631,0.806739346989951,0.8047923048260834
P6,42,train_scaled_margin_gate_hsr,0.9073859801369203,0.9052626660396609,0.8070097825376321,0.8044762702469923
P6,43,raw_margin_gate,0.910037604859705,0.906261918090605,0.7896605052947185,0.7858939494013018
P6,43,uniform_fusion,0.9111464661074149,0.907508306529976,0.805425441444404,0.7984274751803373
P6,43,train_scaled_margin_gate,0.9106643525214541,0.9072025517643333,0.8068878579629465,0.8097768061244275
P6,43,train_scaled_margin_gate_hsr,0.9103750843698776,0.9068579907014166,0.7993351875417658,0.7964682661970459
P7,41,raw_margin_gate,0.9198330176645665,0.9189639569328748,0.8048127501111954,0.802998688255236
P7,41,uniform_fusion,0.9206060840323141,0.9198103572242814,0.8130186587387194,0.8108973389355634
P7,41,train_scaled_margin_gate,0.9194078311623053,0.9184005273241832,0.8011372898960856,0.7975693335022588
P7,41,train_scaled_margin_gate_hsr,0.9191372579335936,0.918105721665376,0.7986901887330664,0.795484023022729
P7,42,raw_margin_gate,0.9179390050635847,0.9166117188004291,0.8202957218507912,0.8029691434517449
P7,42,uniform_fusion,0.9200262842565035,0.9187537688403279,0.8254738277491346,0.808125424614629
P7,42,train_scaled_margin_gate,0.91786169842681,0.916601277517122,0.822065191844319,0.80667220675539
P7,42,train_scaled_margin_gate_hsr,0.9179390050635847,0.9166547687838599,0.8210932193929381,0.8050009440392634
P7,43,raw_margin_gate,0.9168180588303506,0.916241535224136,0.8243366237198666,0.8293738014051836
P7,43,uniform_fusion,0.9180549650187468,0.9174644507254563,0.8283432195992855,0.8338016770322342
P7,43,train_scaled_margin_gate,0.915851725870666,0.9148522065788045,0.8207515967708949,0.8201479784092894
P7,43,train_scaled_margin_gate_hsr,0.9160836457809903,0.9150929957750155,0.8213066969707108,0.8204502998036953
P8,41,raw_margin_gate,0.9079619047619047,0.9067503674099174,0.8167139097232138,0.810872847519042
P8,41,uniform_fusion,0.9093333333333333,0.9080517078906507,0.8189938502602206,0.8129106804448699
P8,41,train_scaled_margin_gate,0.9102857142857143,0.9091215545092485,0.8242332089039069,0.8119142861168612
P8,41,train_scaled_margin_gate_hsr,0.9103619047619048,0.9092152985500294,0.8239969082243285,0.81178291682808
P8,42,raw_margin_gate,0.9110095238095238,0.9096783507939815,0.8269610658199595,0.8102256869788886
P8,42,uniform_fusion,0.9107809523809524,0.9093710575540133,0.8261407345252313,0.8105819784400444
P8,42,train_scaled_margin_gate,0.9096380952380952,0.907927739427824,0.831417491935576,0.8128445028328348
P8,42,train_scaled_margin_gate_hsr,0.9098666666666667,0.9081741748354452,0.8319143408016892,0.8131230471621079
P8,43,raw_margin_gate,0.9087238095238095,0.9073234365176915,0.8173972235971748,0.8073085969881781
P8,43,uniform_fusion,0.9093714285714286,0.9079268858669569,0.8199806014518557,0.809282877904305
P8,43,train_scaled_margin_gate,0.9077714285714286,0.9068386925690854,0.8269783907413152,0.8099297313309018
P8,43,train_scaled_margin_gate_hsr,0.9081523809523809,0.9072136958782607,0.828022567881598,0.8105825006575659
