test_donor,seed,variant,n_test,n_known_test,n_unknown_test,accuracy,weighted_f1,macro_f1,balanced_accuracy
P1,41,rna_branch,18135,18135,0,0.88447752963882,0.8839385421663026,0.7759932071826888,0.7800648929463269
P1,41,adt_branch,18135,18135,0,0.8467052660601048,0.8486367020238922,0.6590951169861736,0.6810831525564194
P1,41,fusion_branch,18135,18135,0,0.9129859387923904,0.9132185928600575,0.8085059245446942,0.828878126507059
P1,41,uniform_fusion,18135,18135,0,0.9160738902674387,0.9160172446353881,0.8176450402585268,0.8339142873766817
P1,41,margin_gate,18135,18135,0,0.9142542045767852,0.9141582039950453,0.8101684828781625,0.8272944359738422
P1,41,margin_gate_hsr,18135,18135,0,0.9141990625861594,0.9141482443113407,0.8110430002788572,0.8280590831565268
P1,42,rna_branch,18135,18135,0,0.8781362007168458,0.8791201453127699,0.7541729769920762,0.7826205654107481
P1,42,adt_branch,18135,18135,0,0.8414667769506479,0.8437373532302526,0.6495907637606838,0.689866031324195
P1,42,fusion_branch,18135,18135,0,0.9053763440860215,0.9075149115011611,0.8033087372502957,0.8454759410120191
P1,42,uniform_fusion,18135,18135,0,0.9122139509236283,0.9130272412573199,0.812821151237078,0.845737264095061
P1,42,margin_gate,18135,18135,0,0.9106148331954783,0.9114109953787409,0.8061654713567191,0.8399373120779751
P1,42,margin_gate_hsr,18135,18135,0,0.9109456851392336,0.9118077587062279,0.8080714372301046,0.8421003772603008
P1,43,rna_branch,18135,18135,0,0.8855252274607114,0.8848009316318006,0.7505884198718588,0.7681569630499275
P1,43,adt_branch,18135,18135,0,0.850179211469534,0.8526555603121456,0.6835315065667099,0.7168743878351389
P1,43,fusion_branch,18135,18135,0,0.9094568513923352,0.9086861147528806,0.8064260080931036,0.822872376522761
P1,43,uniform_fusion,18135,18135,0,0.9128205128205128,0.9120138280849553,0.8091072330102697,0.8231531331928453
P1,43,margin_gate,18135,18135,0,0.9111111111111111,0.9102850790475454,0.8089278684447564,0.824542885609821
P1,43,margin_gate_hsr,18135,18135,0,0.9112213950923629,0.9103885162635358,0.8082371266317265,0.8229930596221171
P2,41,rna_branch,17205,17205,0,0.8886370241208951,0.8899440735336133,0.7684731294791896,0.7855046609898271
P2,41,adt_branch,17205,17205,0,0.8510897994768962,0.8471761098688071,0.6508461947232459,0.6683736614506393
P2,41,fusion_branch,17205,17205,0,0.9109561174077303,0.9117383362631782,0.8250708797227905,0.8357673292960519
P2,41,uniform_fusion,17205,17205,0,0.9145597210113339,0.9146061236690025,0.8286658642146818,0.839903076198826
P2,41,margin_gate,17205,17205,0,0.9143853530950306,0.9143632299069989,0.8253805008074494,0.8343778820734766
P2,41,margin_gate_hsr,17205,17205,0,0.9145015983725661,0.9145045541527477,0.82503439522081,0.8335119825368792
P2,42,rna_branch,17205,17205,0,0.8852659110723626,0.8852592041330598,0.7735635821420078,0.7948436996104625
P2,42,adt_branch,17205,17205,0,0.8514385353095031,0.8463580706677976,0.6651062848948874,0.6705679923339803
P2,42,fusion_branch,17205,17205,0,0.9069456553327521,0.9065355669690179,0.8042684132968637,0.8261515166240542
P2,42,uniform_fusion,17205,17205,0,0.9136878814298169,0.9123774957866319,0.8193644533595683,0.8314502805321432
P2,42,margin_gate,17205,17205,0,0.9115954664341761,0.9100842224604184,0.8137772668673348,0.8269947974381262
P2,42,margin_gate_hsr,17205,17205,0,0.9118279569892473,0.9103116021506772,0.8144028425311443,0.8273560895353388
P2,43,rna_branch,17205,17205,0,0.8942167974426039,0.8927985412590029,0.7845865955869873,0.7822473481103173
P2,43,adt_branch,17205,17205,0,0.8625980819529206,0.8584600540619601,0.6967931812331751,0.6924557205668779
P2,43,fusion_branch,17205,17205,0,0.9165358907294391,0.9153267018270986,0.825698090421119,0.817859590432356
P2,43,uniform_fusion,17205,17205,0,0.9199651264167393,0.9186313239684447,0.8296770174779129,0.8198882020719677
P2,43,margin_gate,17205,17205,0,0.9183958151700087,0.9170875940921003,0.8249169656297597,0.8156322926745732
P2,43,margin_gate_hsr,17205,17205,0,0.9183376925312409,0.9169782774928307,0.8245633984035485,0.8146496865787837
P3,41,rna_branch,14660,14660,0,0.8821282401091405,0.8808777693746392,0.7300527933906513,0.7590148951796294
P3,41,adt_branch,14660,14660,0,0.8322646657571623,0.8286345864107517,0.6323509547867923,0.6823361989038036
P3,41,fusion_branch,14660,14660,0,0.8997271487039563,0.8982913311771096,0.787568768347896,0.8197518812203279
P3,41,uniform_fusion,14660,14660,0,0.9051159618008185,0.9018208890139118,0.8034327828421656,0.8206125120920345
P3,41,margin_gate,14660,14660,0,0.9038199181446112,0.9006028545497744,0.7997418673090668,0.8187996332226612
P3,41,margin_gate_hsr,14660,14660,0,0.9038881309686221,0.9006726921511017,0.7985879566133259,0.8158240919186364
P3,42,rna_branch,14660,14660,0,0.8851978171896316,0.8802692457640958,0.7365254630900838,0.7374002305575709
P3,42,adt_branch,14660,14660,0,0.8421555252387449,0.8386171230454672,0.6582517687307192,0.6933042315631963
P3,42,fusion_branch,14660,14660,0,0.9064120054570259,0.9016598044279247,0.7893452353657839,0.7758036195711392
P3,42,uniform_fusion,14660,14660,0,0.9077762619372443,0.9024698734321214,0.7876332554445047,0.7771236687552516
P3,42,margin_gate,14660,14660,0,0.9058663028649386,0.9005582476713477,0.7851793582839314,0.7747213471784168
P3,42,margin_gate_hsr,14660,14660,0,0.906343792633015,0.9010726565903407,0.7862420370465021,0.7754029976288098
P3,43,rna_branch,14660,14660,0,0.8847885402455662,0.8802479632728226,0.7348915560474386,0.740170098777099
P3,43,adt_branch,14660,14660,0,0.8433833560709414,0.8391369101868075,0.6629895302983035,0.698990287439797
P3,43,fusion_branch,14660,14660,0,0.9064120054570259,0.9015629580702698,0.782943999347646,0.7761377572751107
P3,43,uniform_fusion,14660,14660,0,0.9075716234652115,0.9020666077518902,0.78459515796761,0.7758459069265132
P3,43,margin_gate,14660,14660,0,0.9068212824010914,0.9018339053077229,0.7802462324905765,0.7757540903331395
P3,43,margin_gate_hsr,14660,14660,0,0.9068212824010914,0.9018462620456903,0.7828311948477107,0.7766894419818288
P4,41,rna_branch,17090,17090,0,0.8973083674663546,0.8955819423174772,0.7383777690388331,0.7256339488688115
P4,41,adt_branch,17090,17090,0,0.8167349327091866,0.8275253984286579,0.6455485132028567,0.6648052183897849
P4,41,fusion_branch,17090,17090,0,0.914979520187244,0.9152998889874755,0.7817278036401304,0.7708723381088568
P4,41,uniform_fusion,17090,17090,0,0.916500877706261,0.9167367148497664,0.7805760314209597,0.7677355671162304
P4,41,margin_gate,17090,17090,0,0.9169104739613809,0.9169821420144998,0.7826139291805355,0.768964994788531
P4,41,margin_gate_hsr,17090,17090,0,0.9162083089526039,0.9163462995726416,0.7822061189762317,0.7686533430872561
P4,42,rna_branch,17090,17090,0,0.8907548273844353,0.8895311374221138,0.7212888240868633,0.717763078685414
P4,42,adt_branch,17090,17090,0,0.8172030427150381,0.8285010714703978,0.6306818405950887,0.6653305500721532
P4,42,fusion_branch,17090,17090,0,0.9059098888238736,0.9077996759819903,0.7698319780925217,0.7688681502131088
P4,42,uniform_fusion,17090,17090,0,0.911234640140433,0.9131510033016909,0.7764578831377146,0.7743395402545354
P4,42,margin_gate,17090,17090,0,0.9088355763604447,0.9106628554723593,0.7712516418122352,0.7710451010827174
P4,42,margin_gate_hsr,17090,17090,0,0.9091281451141018,0.9110119627729432,0.7724201325666772,0.7716843862583388
P4,43,rna_branch,17090,17090,0,0.8899356348741955,0.8911459326997019,0.7282451065784263,0.7351247711139319
P4,43,adt_branch,17090,17090,0,0.8172615564657695,0.8303588460912908,0.6318723714548802,0.6708261423460905
P4,43,fusion_branch,17090,17090,0,0.91234640140433,0.9149898259656734,0.779749145427708,0.7867102531519301
P4,43,uniform_fusion,17090,17090,0,0.914569923932124,0.9166391168818532,0.7837719467645088,0.7856356639628539
P4,43,margin_gate,17090,17090,0,0.914569923932124,0.9164281504633269,0.7844787475558672,0.7866795505658564
P4,43,margin_gate_hsr,17090,17090,0,0.9139847864248098,0.9159067479502051,0.7828629614514736,0.7830316281785202
P5,41,rna_branch,21811,21811,0,0.897574618311861,0.8994808135043768,0.782878095024873,0.8021556794931413
P5,41,adt_branch,21811,21811,0,0.8313236440328274,0.8284494582013286,0.6545895615026629,0.6965592621648504
P5,41,fusion_branch,21811,21811,0,0.9141717482004493,0.9148939390668261,0.8291645819696704,0.839486069420284
P5,41,uniform_fusion,21811,21811,0,0.915455504103434,0.9157450267431605,0.8375093876551596,0.8449815371812059
P5,41,margin_gate,21811,21811,0,0.914767777726835,0.9150129377327553,0.8339948663508016,0.8429709846399535
P5,41,margin_gate_hsr,21811,21811,0,0.914997019852368,0.9152046901090144,0.8331664537456858,0.8409689811490043
P5,42,rna_branch,21811,21811,0,0.8969785887854752,0.8985418056290121,0.77571327570347,0.8093508365916064
P5,42,adt_branch,21811,21811,0,0.8396680574022283,0.8392560585835385,0.6813888054591773,0.7160379383176325
P5,42,fusion_branch,21811,21811,0,0.9155472009536473,0.9166870900535302,0.8280607347546135,0.8470572229091285
P5,42,uniform_fusion,21811,21811,0,0.9176562285085508,0.9184344545086094,0.8363606776634518,0.8495516549865895
P5,42,margin_gate,21811,21811,0,0.9171518958323781,0.9178241264867901,0.8353475050450934,0.8442975696848197
P5,42,margin_gate_hsr,21811,21811,0,0.9171977442574848,0.9178794523866678,0.8358065688222726,0.8440200835275453
P5,43,rna_branch,21811,21811,0,0.8928063821007748,0.8932674995716513,0.7759076376126557,0.8071485486372048
P5,43,adt_branch,21811,21811,0,0.8407684196047865,0.8384111738560398,0.6623473076963269,0.6862179679897187
P5,43,fusion_branch,21811,21811,0,0.9057814864059419,0.9047917029766219,0.8152628435524276,0.8390115118017311
P5,43,uniform_fusion,21811,21811,0,0.9098619962404292,0.9088590783859992,0.8254909734080872,0.8387635755809576
P5,43,margin_gate,21811,21811,0,0.9088074824629774,0.9076231994453161,0.8248386583229359,0.8387981298360995
P5,43,margin_gate_hsr,21811,21811,0,0.9087157856127642,0.9075548020851638,0.8230933845428458,0.8355639029222125
P6,41,rna_branch,20742,20742,0,0.8869443640921801,0.8834286626806186,0.7442949103199497,0.752147421950151
P6,41,adt_branch,20742,20742,0,0.8179539099411821,0.8162545875630335,0.6572486068331761,0.694952747486398
P6,41,fusion_branch,20742,20742,0,0.9083984186674381,0.9057878349518742,0.8049815836436546,0.8125010152991782
P6,41,uniform_fusion,20742,20742,0,0.9097965480667245,0.9070070740100246,0.8021116628666488,0.8030653689409509
P6,41,margin_gate,20742,20742,0,0.908350207308842,0.9054962052373082,0.7985901196858645,0.7998579448197257
P6,41,margin_gate_hsr,20742,20742,0,0.9086394754604185,0.9057352030768951,0.8017059079841766,0.7996816073604462
P6,42,rna_branch,20742,20742,0,0.8898852569665413,0.8862685637665499,0.7443240133863542,0.7469662100550287
P6,42,adt_branch,20742,20742,0,0.8052261112718156,0.810235100594688,0.6633221533273154,0.6906863043465407
P6,42,fusion_branch,20742,20742,0,0.9057950053032494,0.9038668382291497,0.7976837144557871,0.7917584991882026
P6,42,uniform_fusion,20742,20742,0,0.9076752482884968,0.9054260699181322,0.8002203368339538,0.7932531077195065
P6,42,margin_gate,20742,20742,0,0.907241346061132,0.905142110886489,0.7983596316437146,0.7901173717078942
P6,42,margin_gate_hsr,20742,20742,0,0.9069038665509594,0.9046958568366725,0.781618937564248,0.7745458217140031
P6,43,rna_branch,20742,20742,0,0.8931636293510751,0.8887864286738539,0.7410547499009594,0.7414202122548545
P6,43,adt_branch,20742,20742,0,0.8215215504772925,0.8211570767881127,0.6873881440884249,0.7039397699749951
P6,43,fusion_branch,20742,20742,0,0.9103268730112815,0.9068339109331331,0.8008973673701919,0.7986284768228865
P6,43,uniform_fusion,20742,20742,0,0.9111464661074149,0.907508306529976,0.805425441444404,0.7984274751803373
P6,43,margin_gate,20742,20742,0,0.910037604859705,0.906261918090605,0.7896605052947185,0.7858939494013018
P6,43,margin_gate_hsr,20742,20742,0,0.910037604859705,0.9062282487213874,0.7896334694724966,0.7855899987852698
P7,41,rna_branch,25871,25871,0,0.9012021182018476,0.9002401659655055,0.7435360221035496,0.7468574617967586
P7,41,adt_branch,25871,25871,0,0.8272196668083955,0.8278265442078858,0.6520015423699989,0.657080674966852
P7,41,fusion_branch,25871,25871,0,0.9156971125971165,0.9153646522149613,0.8057201838557717,0.8101240339775873
P7,41,uniform_fusion,25871,25871,0,0.9206060840323141,0.9198103572242814,0.8130186587387194,0.8108973389355634
P7,41,margin_gate,25871,25871,0,0.9198330176645665,0.9189639569328748,0.8048127501111954,0.802998688255236
P7,41,margin_gate_hsr,25871,25871,0,0.9194464844806927,0.9185873551531232,0.8033932853658062,0.8016970559959812
P7,42,rna_branch,25871,25871,0,0.8955200803989023,0.8945488834457623,0.7603897301946263,0.7523498707017511
P7,42,adt_branch,25871,25871,0,0.8422944609794751,0.8397076008949,0.6984127545395554,0.7062415063785965
P7,42,fusion_branch,25871,25871,0,0.9183255382474586,0.9170395228441665,0.8250755305621973,0.8091922271332634
P7,42,uniform_fusion,25871,25871,0,0.9200262842565035,0.9187537688403279,0.8254738277491346,0.808125424614629
P7,42,margin_gate,25871,25871,0,0.9179390050635847,0.9166117188004291,0.8202957218507912,0.8029691434517449
P7,42,margin_gate_hsr,25871,25871,0,0.9183255382474586,0.9169906927708672,0.8209738132660545,0.8031782185573458
P7,43,rna_branch,25871,25871,0,0.8958293069460013,0.8971887987809298,0.7625948003187318,0.7771393110895161
P7,43,adt_branch,25871,25871,0,0.8376947160913765,0.8340831366006705,0.674915181742157,0.6782293632577413
P7,43,fusion_branch,25871,25871,0,0.9148080862742066,0.914612888410309,0.8220394838951501,0.8355013966348178
P7,43,uniform_fusion,25871,25871,0,0.9180549650187468,0.9174644507254563,0.8283432195992855,0.8338016770322342
P7,43,margin_gate,25871,25871,0,0.9168180588303506,0.916241535224136,0.8243366237198666,0.8293738014051836
P7,43,margin_gate_hsr,25871,25871,0,0.9171659386958371,0.9166069353929319,0.8246446260673931,0.8292368348056823
P8,41,rna_branch,26250,26250,0,0.8787809523809523,0.8769394400710061,0.7639610046916336,0.7710919512556363
P8,41,adt_branch,26250,26250,0,0.8488761904761905,0.847957429571232,0.7047368704108681,0.7056715178188149
P8,41,fusion_branch,26250,26250,0,0.9054095238095238,0.9040298909425474,0.8139724324925032,0.8118570322151255
P8,41,uniform_fusion,26250,26250,0,0.9093333333333333,0.9080517078906507,0.8189938502602206,0.8129106804448699
P8,41,margin_gate,26250,26250,0,0.9079619047619047,0.9067503674099174,0.8167139097232138,0.810872847519042
P8,41,margin_gate_hsr,26250,26250,0,0.907847619047619,0.9066621280997111,0.8177673598433657,0.8111836626173589
P8,42,rna_branch,26250,26250,0,0.8872380952380953,0.8855127493052387,0.778314345496353,0.771793878777405
P8,42,adt_branch,26250,26250,0,0.8471238095238095,0.846068314119823,0.696778480102842,0.686225350390752
P8,42,fusion_branch,26250,26250,0,0.9102095238095238,0.9089250322444773,0.8161034186772984,0.8065046574819396
P8,42,uniform_fusion,26250,26250,0,0.9107809523809524,0.9093710575540133,0.8261407345252313,0.8105819784400444
P8,42,margin_gate,26250,26250,0,0.9110095238095238,0.9096783507939815,0.8269610658199595,0.8102256869788886
P8,42,margin_gate_hsr,26250,26250,0,0.9109333333333334,0.9096109123353319,0.8266737968776542,0.8099305750325068
P8,43,rna_branch,26250,26250,0,0.883352380952381,0.8800817209204765,0.783125711653849,0.7779190043849376
P8,43,adt_branch,26250,26250,0,0.8308952380952381,0.8333153063844676,0.6870299661107669,0.6847212175820775
P8,43,fusion_branch,26250,26250,0,0.9072761904761905,0.9058410913328381,0.817054347138493,0.8067242783640133
P8,43,uniform_fusion,26250,26250,0,0.9093714285714286,0.9079268858669569,0.8199806014518557,0.809282877904305
P8,43,margin_gate,26250,26250,0,0.9087238095238095,0.9073234365176915,0.8173972235971748,0.8073085969881781
P8,43,margin_gate_hsr,26250,26250,0,0.9087619047619048,0.9073561379482886,0.8176463109081971,0.8074194576898771
