cell_id,final_prediction,final_confidence,final_uncertainty,rna_prediction,adt_prediction,fusion_prediction,rna_margin,adt_margin,fusion_margin,rna_weight,adt_weight,fusion_weight,branch_conflict,hsr_gate,hsr_delta_norm
L1_AAACCCAAGACATACA,CD4 TCM_1,0.9546018838882446,0.04539811611175537,CD4 TCM_1,CD4 TCM_1,CD4 TCM_1,5.128671646118164,1.684126853942871,4.352268218994141,0.6516596674919128,0.014499216340482235,0.3338410258293152,False,0.02076146937906742,7.262806415557861
L1_AAACCCACATCGGTTA,CD16 Mono,0.7923401594161987,0.20765984058380127,CD16 Mono,CD14 Mono,CD16 Mono,1.461214542388916,0.9162440299987793,2.918595552444458,0.16164177656173706,0.06533506512641907,0.7730231881141663,True,0.022130127996206284,1.8698621988296509
L1_AAACCCAGTGGAACAC,NK_2,0.7546426653862,0.24535733461380005,NK_2,NK_2,NK_2,1.368466854095459,1.277306079864502,2.4274799823760986,0.20630258321762085,0.1312757283449173,0.662421703338623,False,0.020418787375092506,3.8776936531066895
L1_AAACCCATCTGCGGAC,CD4 TCM_1,0.8572736382484436,0.1427263617515564,CD4 TCM_1,CD4 TCM_3,CD4 TCM_1,3.13183856010437,0.8032960891723633,3.1749253273010254,0.4483322203159332,0.030450694262981415,0.5212171077728271,True,0.02127790078520775,9.533407211303711
L1_AAACGAAAGTTACTCG,CD4 TCM_3,0.8095124363899231,0.1904875636100769,CD4 TCM_1,CD4 TCM_3,CD4 TCM_3,0.04975771903991699,2.0503594875335693,1.522045373916626,0.09084413945674896,0.4681851267814636,0.44097068905830383,True,0.021301593631505966,12.003199577331543
L1_AAACGAACAATGAGCG,CD4 TCM_2,0.7893004417419434,0.21069955825805664,CD4 TCM_2,CD4 TCM_2,CD4 TCM_2,0.8395373821258545,0.6191091537475586,3.0689291954040527,0.08397254347801208,0.04695447161793709,0.8690729737281799,False,0.023113053292036057,10.212517738342285
L1_AAACGAACACTCCTTG,NK_2,0.48995494842529297,0.510045051574707,NK_1,NK_2,NK_2,0.6422555446624756,1.1722488403320312,0.15777873992919922,0.3484061360359192,0.4126001298427582,0.23899376392364502,True,0.020464740693569183,3.3080384731292725
L1_AAACGAACAGCATCTA,CD4 TCM_1,0.7446792721748352,0.2553207278251648,CD4 TCM_3,CD4 TCM_1,CD4 TCM_1,0.44145631790161133,1.9824986457824707,2.1127829551696777,0.09825051575899124,0.31979483366012573,0.5819546580314636,True,0.02651759795844555,10.72859001159668
L1_AAACGAATCCTCACCA,gdT_3,0.9941190481185913,0.005880951881408691,gdT_3,gdT_3,gdT_3,5.071197509765625,2.605431079864502,6.60708475112915,0.16045932471752167,0.00950094498693943,0.8300397396087646,False,0.02065408229827881,10.433687210083008
L1_AAACGAATCTCACTCG,NK_1,0.9538304805755615,0.04616951942443848,NK_1,NK_1,NK_1,2.750303268432617,2.7305595874786377,5.696503162384033,0.043710093945264816,0.029872911050915718,0.9264170527458191,False,0.02009681612253189,4.302615165710449
